user_id,username,email,post_id,post_content,post_date,likes,comments
1,johndoe,john@example.com,101,Just a test post.,15-01-2023 10:30,5,3
2,marysmith,mary.smith@mail.co,102,My first post here!,15-01-2023 11:00,12,5
3,ali_g,alig@email.net,103,Feeling great today!,15-01-2023 12:00,9,2
4,sarah_p,sarahp@gmail.com,104,Lunch time!,15-01-2023 13:00,15,7
5,chrisW,chris.w@yahoo.com,105,Hello world!,15-01-2023 14:00,10,4
6,emily_jones,emily.j@web.de,106,Coding all night.,15-01-2023 15:00,7,1
7,alex123,alex@example.net,107,New profile pic!,15-01-2023 16:00,18,6
8,brian_k,briank@mail.com,108,Loving this weather.,15-01-2023 17:00,22,11
9,linda_b,linda@b.net,109,What a day...,15-01-2023 18:00,6,3
10,steve_x,stevex@example.org,110,Thoughts?,15-01-2023 19:00,14,5
11,mike_d,miked@email.com,111,First time posting!,15-01-2023 20:00,20,8
12,nancy_g,nancyg@mail.com,112,"Another day, another post.",15-01-2023 21:00,11,4
13,pete_z,pete.z@web.de,113,Coffee time!,15-01-2023 22:00,16,9
14,olivia_r,olivia.r@gmail.com,114,Just chillin.,15-01-2023 23:00,8,2
15,dan_t,dant@yahoo.com,115,Thinking about things.,16-01-2023 00:00,13,6
16,johndoe,john@example.com,116,Back again!,16-01-2023 09:00,19,10
17,marysmith,mary.smith@mail.co,117,Testing a new feature.,16-01-2023 10:00,25,12
18,ali_g,alig@email.net,118,So much to do...,16-01-2023 11:00,30,15
19,sarah_p,sarahp@gmail.com,119,Sunny day!,16-01-2023 12:00,17,8
20,chrisW,chris.w@yahoo.com,120,Working hard.,16-01-2023 13:00,21,9
21,emily_jones,emily.j@web.de,121,New project.,16-01-2023 14:00,28,14
22,alex123,alex@example.net,122,Fun day.,16-01-2023 15:00,23,10
23,brian_k,briank@mail.com,123,Just wrote some code.,16-01-2023 16:00,26,13
24,linda_b,linda@b.net,124,Feeling sleepy.,16-01-2023 17:00,29,15
25,steve_x,stevex@example.org,125,Thinking about lunch.,16-01-2023 18:00,32,16
26,mike_d,miked@email.com,126,New video out.,16-01-2023 19:00,35,18
27,nancy_g,nancyg@mail.com,127,Excited!,16-01-2023 20:00,31,17
28,pete_z,pete.z@web.de,128,Just finished a book.,16-01-2023 21:00,33,19
29,olivia_r,olivia.r@gmail.com,129,Weekend is coming.,16-01-2023 22:00,34,20
30,dan_t,dant@yahoo.com,130,Dinner plans.,16-01-2023 23:00,36,21
31,johndoe,john@example.com,131,Finals are over!,17-01-2023 08:00,40,25
32,marysmith,mary.smith@mail.co,132,Vacation mode.,17-01-2023 09:00,45,30
33,ali_g,alig@email.net,133,Feeling motivated.,17-01-2023 10:00,50,35
34,sarah_p,sarahp@gmail.com,134,Just saw a movie.,17-01-2023 11:00,55,40
35,chrisW,chris.w@yahoo.com,135,Road trip!,17-01-2023 12:00,60,45
36,emily_jones,emily.j@web.de,136,New song released.,17-01-2023 13:00,65,50
37,alex123,alex@example.net,137,Party time!,17-01-2023 14:00,70,55
38,brian_k,briank@mail.com,138,Happy birthday to me!,17-01-2023 15:00,75,60
39,linda_b,linda@b.net,139,So much fun.,17-01-2023 16:00,80,65
40,steve_x,stevex@example.org,140,Just posted a video.,17-01-2023 17:00,85,70
41,mike_d,miked@email.com,141,New album drop.,17-01-2023 18:00,90,75
42,nancy_g,nancyg@mail.com,142,Exploring new places.,17-01-2023 19:00,95,80
43,pete_z,pete.z@web.de,143,Time for a break.,17-01-2023 20:00,100,85
44,olivia_r,olivia.r@gmail.com,144,New series to binge.,17-01-2023 21:00,105,90
45,dan_t,dant@yahoo.com,145,Cooking something good.,17-01-2023 22:00,110,95
46,johndoe,john@example.com,146,Good morning everyone!,18-01-2023 07:00,120,100
47,marysmith,mary.smith@mail.co,147,Back to work.,18-01-2023 08:00,125,105
48,ali_g,alig@email.net,148,New idea!,18-01-2023 09:00,130,110
49,sarah_p,sarahp@gmail.com,149,Just a thought.,18-01-2023 10:00,135,115
50,chrisW,chris.w@yahoo.com,150,Working from home today.,18-01-2023 11:00,140,120
51,emily_jones,emily.j@web.de,151,Another day.,18-01-2023 12:00,145,125
52,alex123,alex@example.net,152,Feeling good!,18-01-2023 13:00,150,130
53,brian_k,briank@mail.com,153,Just finished my workout.,18-01-2023 14:00,155,135
54,linda_b,linda@b.net,154,New recipe.,18-01-2023 15:00,160,140
55,steve_x,stevex@example.org,155,Looking forward to the weekend.,18-01-2023 16:00,165,145
56,mike_d,miked@email.com,156,Just posted an update.,18-01-2023 17:00,170,150
57,nancy_g,nancyg@mail.com,157,Time for a walk.,18-01-2023 18:00,175,155
58,pete_z,pete.z@web.de,158,Just a quick post.,18-01-2023 19:00,180,160
59,olivia_r,olivia.r@gmail.com,159,Dinner time.,18-01-2023 20:00,185,165
60,dan_t,dant@yahoo.com,160,Movie night.,18-01-2023 21:00,190,170
61,johndoe,john@example.com,161,New post!,19-01-2023 06:00,200,180
62,marysmith,mary.smith@mail.co,162,So much to do today.,19-01-2023 07:00,210,190
63,ali_g,alig@email.net,163,Just finished a meeting.,19-01-2023 08:00,220,200
64,sarah_p,sarahp@gmail.com,164,Feeling productive.,19-01-2023 09:00,230,210
65,chrisW,chris.w@yahoo.com,165,"New week, new goals.",19-01-2023 10:00,240,220
66,emily_jones,emily.j@web.de,166,Just a thought.,19-01-2023 11:00,250,230
67,alex123,alex@example.net,167,Working from my favorite cafe.,19-01-2023 12:00,260,240
68,brian_k,briank@mail.com,168,Just a quick post.,19-01-2023 13:00,270,250
69,linda_b,linda@b.net,169,Feeling blessed.,19-01-2023 14:00,280,260
70,steve_x,stevex@example.org,170,Time for a break.,19-01-2023 15:00,290,270
71,mike_d,miked@email.com,171,New post!,19-01-2023 16:00,300,280
72,nancy_g,nancyg@mail.com,172,Just a thought.,19-01-2023 17:00,310,290
73,pete_z,pete.z@web.de,173,What a day.,19-01-2023 18:00,320,300
74,olivia_r,olivia.r@gmail.com,174,Just posted a pic.,19-01-2023 19:00,330,310
75,dan_t,dant@yahoo.com,175,New recipe.,19-01-2023 20:00,340,320
76,johndoe,john@example.com,176,Good morning everyone!,20-01-2023 05:00,350,330
77,marysmith,mary.smith@mail.co,177,Back to work.,20-01-2023 06:00,360,340
78,ali_g,alig@email.net,178,New idea!,20-01-2023 07:00,370,350
79,sarah_p,sarahp@gmail.com,179,Just a thought.,20-01-2023 08:00,380,360
80,chrisW,chris.w@yahoo.com,180,Working from home today.,20-01-2023 09:00,390,370
81,emily_jones,emily.j@web.de,181,Another day.,20-01-2023 10:00,400,380
82,alex123,alex@example.net,182,Feeling good!,20-01-2023 11:00,410,390
83,brian_k,briank@mail.com,183,Just finished my workout.,20-01-2023 12:00,420,400
84,linda_b,linda@b.net,184,New recipe.,20-01-2023 13:00,430,410
85,steve_x,stevex@example.org,185,Looking forward to the weekend.,20-01-2023 14:00,440,420
86,mike_d,miked@email.com,186,Just posted an update.,20-01-2023 15:00,450,430
87,nancy_g,nancyg@mail.com,187,Time for a walk.,20-01-2023 16:00,460,440
88,pete_z,pete.z@web.de,188,Just a quick post.,20-01-2023 17:00,470,450
89,olivia_r,olivia.r@gmail.com,189,Dinner time.,20-01-2023 18:00,480,460
90,dan_t,dant@yahoo.com,190,Movie night.,20-01-2023 19:00,490,470
91,johndoe,john@example.com,191,New post!,21-01-2023 04:00,500,480
92,marysmith,mary.smith@mail.co,192,So much to do today.,21-01-2023 05:00,510,490
93,ali_g,alig@email.net,193,Just finished a meeting.,21-01-2023 06:00,520,500
94,sarah_p,sarahp@gmail.com,194,Feeling productive.,21-01-2023 07:00,530,510
95,chrisW,chris.w@yahoo.com,195,"New week, new goals.",21-01-2023 08:00,540,520
96,emily_jones,emily.j@web.de,196,Just a thought.,21-01-2023 09:00,550,530
97,alex123,alex@example.net,197,Working from my favorite cafe.,21-01-2023 10:00,560,540
98,brian_k,briank@mail.com,198,Just a quick post.,21-01-2023 11:00,570,550
99,linda_b,linda@b.net,199,Feeling blessed.,21-01-2023 12:00,580,560
100,steve_x,stevex@example.org,200,Time for a break.,21-01-2023 13:00,590,570
101,mike_d,miked@email.com,201,New post!,21-01-2023 14:00,600,580
102,nancy_g,nancyg@mail.com,202,Just a thought.,21-01-2023 15:00,610,590
103,pete_z,pete.z@web.de,203,What a day.,21-01-2023 16:00,620,600
104,olivia_r,olivia.r@gmail.com,204,Just posted a pic.,21-01-2023 17:00,630,610
105,dan_t,dant@yahoo.com,205,New recipe.,21-01-2023 18:00,640,620
106,johndoe,john@example.com,206,Good morning everyone!,22-01-2023 03:00,650,630
107,marysmith,mary.smith@mail.co,207,Back to work.,22-01-2023 04:00,660,640
108,ali_g,alig@email.net,208,New idea!,22-01-2023 05:00,670,650
109,sarah_p,sarahp@gmail.com,209,Just a thought.,22-01-2023 06:00,680,660
110,chrisW,chris.w@yahoo.com,210,Working from home today.,22-01-2023 07:00,690,670
111,emily_jones,emily.j@web.de,211,Another day.,22-01-2023 08:00,700,680
112,alex123,alex@example.net,212,Feeling good!,22-01-2023 09:00,710,690
113,brian_k,briank@mail.com,213,Just finished my workout.,22-01-2023 10:00,720,700
114,linda_b,linda@b.net,214,New recipe.,22-01-2023 11:00,730,710
115,steve_x,stevex@example.org,215,Looking forward to the weekend.,22-01-2023 12:00,740,720
116,mike_d,miked@email.com,216,Just posted an update.,22-01-2023 13:00,750,730
117,nancy_g,nancyg@mail.com,217,Time for a walk.,22-01-2023 14:00,760,740
118,pete_z,pete.z@web.de,218,Just a quick post.,22-01-2023 15:00,770,750
119,olivia_r,olivia.r@gmail.com,219,Dinner time.,22-01-2023 16:00,780,760
120,dan_t,dant@yahoo.com,220,Movie night.,22-01-2023 17:00,790,770
121,johndoe,john@example.com,221,New post!,23-01-2023 02:00,800,780
122,marysmith,mary.smith@mail.co,222,So much to do today.,23-01-2023 03:00,810,790
123,ali_g,alig@email.net,223,Just finished a meeting.,23-01-2023 04:00,820,800
124,sarah_p,sarahp@gmail.com,224,Feeling productive.,23-01-2023 05:00,830,810
125,chrisW,chris.w@yahoo.com,225,"New week, new goals.",23-01-2023 06:00,840,820
126,emily_jones,emily.j@web.de,226,Just a thought.,23-01-2023 07:00,850,830
127,alex123,alex@example.net,227,Working from my favorite cafe.,23-01-2023 08:00,860,840
128,brian_k,briank@mail.com,228,Just a quick post.,23-01-2023 09:00,870,850
129,linda_b,linda@b.net,229,Feeling blessed.,23-01-2023 10:00,880,860
130,steve_x,stevex@example.org,230,Time for a break.,23-01-2023 11:00,890,870
131,mike_d,miked@email.com,231,New post!,23-01-2023 12:00,900,880
132,nancy_g,nancyg@mail.com,232,Just a thought.,23-01-2023 13:00,910,890
133,pete_z,pete.z@web.de,233,What a day.,23-01-2023 14:00,920,900
134,olivia_r,olivia.r@gmail.com,234,Just posted a pic.,23-01-2023 15:00,930,910
135,dan_t,dant@yahoo.com,235,New recipe.,23-01-2023 16:00,940,920
136,johndoe,john@example.com,236,Good morning everyone!,24-01-2023 01:00,950,930
137,marysmith,mary.smith@mail.co,237,Back to work.,24-01-2023 02:00,960,940
138,ali_g,alig@email.net,238,New idea!,24-01-2023 03:00,970,950
139,sarah_p,sarahp@gmail.com,239,Just a thought.,24-01-2023 04:00,980,960
140,chrisW,chris.w@yahoo.com,240,Working from home today.,24-01-2023 05:00,990,970
141,emily_jones,emily.j@web.de,241,Another day.,24-01-2023 06:00,1000,980
142,alex123,alex@example.net,242,Feeling good!,24-01-2023 07:00,1010,990
143,brian_k,briank@mail.com,243,Just finished my workout.,24-01-2023 08:00,1020,1000
144,linda_b,linda@b.net,244,New recipe.,24-01-2023 09:00,1030,1010
145,steve_x,stevex@example.org,245,Looking forward to the weekend.,24-01-2023 10:00,1040,1020
146,mike_d,miked@email.com,246,Just posted an update.,24-01-2023 11:00,1050,1030
147,nancy_g,nancyg@mail.com,247,Time for a walk.,24-01-2023 12:00,1060,1040
148,pete_z,pete.z@web.de,248,Just a quick post.,24-01-2023 13:00,1070,1050
149,olivia_r,olivia.r@gmail.com,249,Dinner time.,24-01-2023 14:00,1080,1060
150,dan_t,dant@yahoo.com,250,Movie night.,24-01-2023 15:00,1090,1070
151,johndoe,john@example.com,251,New post!,25-01-2023 00:00,1100,1080
152,marysmith,mary.smith@mail.co,252,So much to do today.,25-01-2023 01:00,1110,1090
153,ali_g,alig@email.net,253,Just finished a meeting.,25-01-2023 02:00,1120,1100
154,sarah_p,sarahp@gmail.com,254,Feeling productive.,25-01-2023 03:00,1130,1110
155,chrisW,chris.w@yahoo.com,255,"New week, new goals.",25-01-2023 04:00,1140,1120
156,emily_jones,emily.j@web.de,256,Just a thought.,25-01-2023 05:00,1150,1130
157,alex123,alex@example.net,257,Working from my favorite cafe.,25-01-2023 06:00,1160,1140
158,brian_k,briank@mail.com,258,Just a quick post.,25-01-2023 07:00,1170,1150
159,linda_b,linda@b.net,259,Feeling blessed.,25-01-2023 08:00,1180,1160
160,steve_x,stevex@example.org,260,Time for a break.,25-01-2023 09:00,1190,1170
161,mike_d,miked@email.com,261,New post!,25-01-2023 10:00,1200,1180
162,nancy_g,nancyg@mail.com,262,Just a thought.,25-01-2023 11:00,1210,1190
163,pete_z,pete.z@web.de,263,What a day.,25-01-2023 12:00,1220,1200
164,olivia_r,olivia.r@gmail.com,264,Just posted a pic.,25-01-2023 13:00,1230,1210
165,dan_t,dant@yahoo.com,265,New recipe.,25-01-2023 14:00,1240,1220
166,johndoe,john@example.com,266,Good morning everyone!,26-01-2023 00:00,1250,1230
167,marysmith,mary.smith@mail.co,267,Back to work.,26-01-2023 01:00,1260,1240
168,ali_g,alig@email.net,268,New idea!,26-01-2023 02:00,1270,1250
169,sarah_p,sarahp@gmail.com,269,Just a thought.,26-01-2023 03:00,1280,1260
170,chrisW,chris.w@yahoo.com,270,Working from home today.,26-01-2023 04:00,1290,1270
171,emily_jones,emily.j@web.de,271,Another day.,26-01-2023 05:00,1300,1280
172,alex123,alex@example.net,272,Feeling good!,26-01-2023 06:00,1310,1290
173,brian_k,briank@mail.com,273,Just finished my workout.,26-01-2023 07:00,1320,1300
174,linda_b,linda@b.net,274,New recipe.,26-01-2023 08:00,1330,1310
175,steve_x,stevex@example.org,275,Looking forward to the weekend.,26-01-2023 09:00,1340,1320
176,mike_d,miked@email.com,276,Just posted an update.,26-01-2023 10:00,1350,1330
177,nancy_g,nancyg@mail.com,277,Time for a walk.,26-01-2023 11:00,1360,1340
178,pete_z,pete.z@web.de,278,Just a quick post.,26-01-2023 12:00,1370,1350
179,olivia_r,olivia.r@gmail.com,279,Dinner time.,26-01-2023 13:00,1380,1360
180,dan_t,dant@yahoo.com,280,Movie night.,26-01-2023 14:00,1390,1370
181,johndoe,john@example.com,281,New post!,27-01-2023 00:00,1400,1380
182,marysmith,mary.smith@mail.co,282,So much to do today.,27-01-2023 01:00,1410,1390
183,ali_g,alig@email.net,283,Just finished a meeting.,27-01-2023 02:00,1420,1400
184,sarah_p,sarahp@gmail.com,284,Feeling productive.,27-01-2023 03:00,1430,1410
185,chrisW,chris.w@yahoo.com,285,"New week, new goals.",27-01-2023 04:00,1440,1420
186,emily_jones,emily.j@web.de,286,Just a thought.,27-01-2023 05:00,1450,1430
187,alex123,alex@example.net,287,Working from my favorite cafe.,27-01-2023 06:00,1460,1440
188,brian_k,briank@mail.com,288,Just a quick post.,27-01-2023 07:00,1470,1450
189,linda_b,linda@b.net,289,Feeling blessed.,27-01-2023 08:00,1480,1460
190,steve_x,stevex@example.org,290,Time for a break.,27-01-2023 09:00,1490,1470
191,mike_d,miked@email.com,291,New post!,27-01-2023 10:00,1500,1480
192,nancy_g,nancyg@mail.com,292,Just a thought.,27-01-2023 11:00,1510,1490
193,pete_z,pete.z@web.de,293,What a day.,27-01-2023 12:00,1520,1500
194,olivia_r,olivia.r@gmail.com,294,Just posted a pic.,27-01-2023 13:00,1530,1510
195,dan_t,dant@yahoo.com,295,New recipe.,27-01-2023 14:00,1540,1520
196,johndoe,john@example.com,296,Good morning everyone!,28-01-2023 00:00,1550,1530
197,marysmith,mary.smith@mail.co,297,Back to work.,28-01-2023 01:00,1560,1540
198,ali_g,alig@email.net,298,New idea!,28-01-2023 02:00,1570,1550
199,sarah_p,sarahp@gmail.com,299,Just a thought.,28-01-2023 03:00,1580,1560
200,chrisW,chris.w@yahoo.com,300,Working from home today.,28-01-2023 04:00,1590,1570
201,emily_jones,emily.j@web.de,301,Another day.,28-01-2023 05:00,1600,1580
202,alex123,alex@example.net,302,Feeling good!,28-01-2023 06:00,1610,1590
203,brian_k,briank@mail.com,303,Just finished my workout.,28-01-2023 07:00,1620,1600
204,linda_b,linda@b.net,304,New recipe.,28-01-2023 08:00,1630,1610
205,steve_x,stevex@example.org,305,Looking forward to the weekend.,28-01-2023 09:00,1640,1620
206,mike_d,miked@email.com,306,Just posted an update.,28-01-2023 10:00,1650,1630
207,nancy_g,nancyg@mail.com,307,Time for a walk.,28-01-2023 11:00,1660,1640
208,pete_z,pete.z@web.de,308,Just a quick post.,28-01-2023 12:00,1670,1650
209,olivia_r,olivia.r@gmail.com,309,Dinner time.,28-01-2023 13:00,1680,1660
210,dan_t,dant@yahoo.com,310,Movie night.,28-01-2023 14:00,1690,1670
211,johndoe,john@example.com,311,New post!,29-01-2023 00:00,1700,1680
212,marysmith,mary.smith@mail.co,312,So much to do today.,29-01-2023 01:00,1710,1690
213,ali_g,alig@email.net,313,Just finished a meeting.,29-01-2023 02:00,1720,1700
214,sarah_p,sarahp@gmail.com,314,Feeling productive.,29-01-2023 03:00,1730,1710
215,chrisW,chris.w@yahoo.com,315,"New week, new goals.",29-01-2023 04:00,1740,1720
216,emily_jones,emily.j@web.de,316,Just a thought.,29-01-2023 05:00,1750,1730
217,alex123,alex@example.net,317,Working from my favorite cafe.,29-01-2023 06:00,1760,1740
218,brian_k,briank@mail.com,318,Just a quick post.,29-01-2023 07:00,1770,1750
219,linda_b,linda@b.net,319,Feeling blessed.,29-01-2023 08:00,1780,1760
220,steve_x,stevex@example.org,320,Time for a break.,29-01-2023 09:00,1790,1770
221,mike_d,miked@email.com,321,New post!,29-01-2023 10:00,1800,1780
222,nancy_g,nancyg@mail.com,322,Just a thought.,29-01-2023 11:00,1810,1790
223,pete_z,pete.z@web.de,323,What a day.,29-01-2023 12:00,1820,1800
224,olivia_r,olivia.r@gmail.com,324,Just posted a pic.,29-01-2023 13:00,1830,1810
225,dan_t,dant@yahoo.com,325,New recipe.,29-01-2023 14:00,1840,1820
226,johndoe,john@example.com,326,Good morning everyone!,30-01-2023 00:00,1850,1830
227,marysmith,mary.smith@mail.co,327,Back to work.,30-01-2023 01:00,1860,1840
228,ali_g,alig@email.net,328,New idea!,30-01-2023 02:00,1870,1850
229,sarah_p,sarahp@gmail.com,329,Just a thought.,30-01-2023 03:00,1880,1860
230,chrisW,chris.w@yahoo.com,330,Working from home today.,30-01-2023 04:00,1890,1870
231,emily_jones,emily.j@web.de,331,Another day.,30-01-2023 05:00,1900,1880
232,alex123,alex@example.net,332,Feeling good!,30-01-2023 06:00,1910,1890
233,brian_k,briank@mail.com,333,Just finished my workout.,30-01-2023 07:00,1920,1900
234,linda_b,linda@b.net,334,New recipe.,30-01-2023 08:00,1930,1910
235,steve_x,stevex@example.org,335,Looking forward to the weekend.,30-01-2023 09:00,1940,1920
236,mike_d,miked@email.com,336,Just posted an update.,30-01-2023 10:00,1950,1930
237,nancy_g,nancyg@mail.com,337,Time for a walk.,30-01-2023 11:00,1960,1940
238,pete_z,pete.z@web.de,338,Just a quick post.,30-01-2023 12:00,1970,1950
239,olivia_r,olivia.r@gmail.com,339,Dinner time.,30-01-2023 13:00,1980,1960
240,dan_t,dant@yahoo.com,340,Movie night.,30-01-2023 14:00,1990,1970
241,johndoe,john@example.com,341,New post!,31-01-2023 00:00,2000,1980
242,marysmith,mary.smith@mail.co,342,So much to do today.,31-01-2023 01:00,2010,1990
243,ali_g,alig@email.net,343,Just finished a meeting.,31-01-2023 02:00,2020,2000
244,sarah_p,sarahp@gmail.com,344,Feeling productive.,31-01-2023 03:00,2030,2010
245,chrisW,chris.w@yahoo.com,345,"New week, new goals.",31-01-2023 04:00,2040,2020
246,emily_jones,emily.j@web.de,346,Just a thought.,31-01-2023 05:00,2050,2030
247,alex123,alex@example.net,347,Working from my favorite cafe.,31-01-2023 06:00,2060,2040
248,brian_k,briank@mail.com,348,Just a quick post.,31-01-2023 07:00,2070,2050
249,linda_b,linda@b.net,349,Feeling blessed.,31-01-2023 08:00,2080,2060
250,steve_x,stevex@example.org,350,Time for a break.,31-01-2023 09:00,2090,2070
251,mike_d,miked@email.com,351,New post!,31-01-2023 10:00,2100,2080
252,nancy_g,nancyg@mail.com,352,Just a thought.,31-01-2023 11:00,2110,2090
253,pete_z,pete.z@web.de,353,What a day.,31-01-2023 12:00,2120,2100
254,olivia_r,olivia.r@gmail.com,354,Just posted a pic.,31-01-2023 13:00,2130,2110
255,dan_t,dant@yahoo.com,355,New recipe.,31-01-2023 14:00,2140,2120
256,johndoe,john@example.com,356,Good morning everyone!,01-02-2023 00:00,2150,2130
257,marysmith,mary.smith@mail.co,357,Back to work.,01-02-2023 01:00,2160,2140
258,ali_g,alig@email.net,358,New idea!,01-02-2023 02:00,2170,2150
259,sarah_p,sarahp@gmail.com,359,Just a thought.,01-02-2023 03:00,2180,2160
260,chrisW,chris.w@yahoo.com,360,Working from home today.,01-02-2023 04:00,2190,2170
261,emily_jones,emily.j@web.de,361,Another day.,01-02-2023 05:00,2200,2180
262,alex123,alex@example.net,362,Feeling good!,01-02-2023 06:00,2210,2190
263,brian_k,briank@mail.com,363,Just finished my workout.,01-02-2023 07:00,2220,2200
264,linda_b,linda@b.net,364,New recipe.,01-02-2023 08:00,2230,2210
265,steve_x,stevex@example.org,365,Looking forward to the weekend.,01-02-2023 09:00,2240,2220
266,mike_d,miked@email.com,366,Just posted an update.,01-02-2023 10:00,2250,2230
267,nancy_g,nancyg@mail.com,367,Time for a walk.,01-02-2023 11:00,2260,2240
268,pete_z,pete.z@web.de,368,Just a quick post.,01-02-2023 12:00,2270,2250
269,olivia_r,olivia.r@gmail.com,369,Dinner time.,01-02-2023 13:00,2280,2260
270,dan_t,dant@yahoo.com,370,Movie night.,01-02-2023 14:00,2290,2270
271,johndoe,john@example.com,371,New post!,02-02-2023 00:00,2300,2280
272,marysmith,mary.smith@mail.co,372,So much to do today.,02-02-2023 01:00,2310,2290
273,ali_g,alig@email.net,373,Just finished a meeting.,02-02-2023 02:00,2320,2300
274,sarah_p,sarahp@gmail.com,374,Feeling productive.,02-02-2023 03:00,2330,2310
275,chrisW,chris.w@yahoo.com,375,"New week, new goals.",02-02-2023 04:00,2340,2320
276,emily_jones,emily.j@web.de,376,Just a thought.,02-02-2023 05:00,2350,2330
277,alex123,alex@example.net,377,Working from my favorite cafe.,02-02-2023 06:00,2360,2340
278,brian_k,briank@mail.com,378,Just a quick post.,02-02-2023 07:00,2370,2350
279,linda_b,linda@b.net,379,Feeling blessed.,02-02-2023 08:00,2380,2360
280,steve_x,stevex@example.org,380,Time for a break.,02-02-2023 09:00,2390,2370
281,mike_d,miked@email.com,381,New post!,02-02-2023 10:00,2400,2380
282,nancy_g,nancyg@mail.com,382,Just a thought.,02-02-2023 11:00,2410,2390
283,pete_z,pete.z@web.de,383,What a day.,02-02-2023 12:00,2420,2400
284,olivia_r,olivia.r@gmail.com,384,Just posted a pic.,02-02-2023 13:00,2430,2410
285,dan_t,dant@yahoo.com,385,New recipe.,02-02-2023 14:00,2440,2420
286,johndoe,john@example.com,386,Good morning everyone!,03-02-2023 00:00,2450,2430
287,marysmith,mary.smith@mail.co,387,Back to work.,03-02-2023 01:00,2460,2440
288,ali_g,alig@email.net,388,New idea!,03-02-2023 02:00,2470,2450
289,sarah_p,sarahp@gmail.com,389,Just a thought.,03-02-2023 03:00,2480,2460
290,chrisW,chris.w@yahoo.com,390,Working from home today.,03-02-2023 04:00,2490,2470
291,emily_jones,emily.j@web.de,391,Another day.,03-02-2023 05:00,2500,2480
292,alex123,alex@example.net,392,Feeling good!,03-02-2023 06:00,2510,2490
293,brian_k,briank@mail.com,393,Just finished my workout.,03-02-2023 07:00,2520,2500
294,linda_b,linda@b.net,394,New recipe.,03-02-2023 08:00,2530,2510
295,steve_x,stevex@example.org,395,Looking forward to the weekend.,03-02-2023 09:00,2540,2520
296,mike_d,miked@email.com,396,Just posted an update.,03-02-2023 10:00,2550,2530
297,nancy_g,nancyg@mail.com,397,Time for a walk.,03-02-2023 11:00,2560,2540
298,pete_z,pete.z@web.de,398,Just a quick post.,03-02-2023 12:00,2570,2550
299,olivia_r,olivia.r@gmail.com,399,Dinner time.,03-02-2023 13:00,2580,2560
300,dan_t,dant@yahoo.com,400,Movie night.,03-02-2023 14:00,2590,2570
301,johndoe,john@example.com,401,New post!,04-02-2023 00:00,2600,2580
302,marysmith,mary.smith@mail.co,402,So much to do today.,04-02-2023 01:00,2610,2590
303,ali_g,alig@email.net,403,Just finished a meeting.,04-02-2023 02:00,2620,2600
304,sarah_p,sarahp@gmail.com,404,Feeling productive.,04-02-2023 03:00,2630,2610
305,chrisW,chris.w@yahoo.com,405,"New week, new goals.",04-02-2023 04:00,2640,2620
306,emily_jones,emily.j@web.de,406,Just a thought.,04-02-2023 05:00,2650,2630
307,alex123,alex@example.net,407,Working from my favorite cafe.,04-02-2023 06:00,2660,2640
308,brian_k,briank@mail.com,408,Just a quick post.,04-02-2023 07:00,2670,2650
309,linda_b,linda@b.net,409,Feeling blessed.,04-02-2023 08:00,2680,2660
310,steve_x,stevex@example.org,410,Time for a break.,04-02-2023 09:00,2690,2670
311,mike_d,miked@email.com,411,New post!,04-02-2023 10:00,2700,2680
312,nancy_g,nancyg@mail.com,412,Just a thought.,04-02-2023 11:00,2710,2690
313,pete_z,pete.z@web.de,413,What a day.,04-02-2023 12:00,2720,2700
314,olivia_r,olivia.r@gmail.com,414,Just posted a pic.,04-02-2023 13:00,2730,2710
315,dan_t,dant@yahoo.com,415,New recipe.,04-02-2023 14:00,2740,2720
316,johndoe,john@example.com,416,Good morning everyone!,05-02-2023 00:00,2750,2730
317,marysmith,mary.smith@mail.co,417,Back to work.,05-02-2023 01:00,2760,2740
318,ali_g,alig@email.net,418,New idea!,05-02-2023 02:00,2770,2750
319,sarah_p,sarahp@gmail.com,419,Just a thought.,05-02-2023 03:00,2780,2760
320,chrisW,chris.w@yahoo.com,420,Working from home today.,05-02-2023 04:00,2790,2770
321,emily_jones,emily.j@web.de,421,Another day.,05-02-2023 05:00,2800,2780
322,alex123,alex@example.net,422,Feeling good!,05-02-2023 06:00,2810,2790
323,brian_k,briank@mail.com,423,Just finished my workout.,05-02-2023 07:00,2820,2800
324,linda_b,linda@b.net,424,New recipe.,05-02-2023 08:00,2830,2810
325,steve_x,stevex@example.org,425,Looking forward to the weekend.,05-02-2023 09:00,2840,2820
326,mike_d,miked@email.com,426,Just posted an update.,05-02-2023 10:00,2850,2830
327,nancy_g,nancyg@mail.com,427,Time for a walk.,05-02-2023 11:00,2860,2840
328,pete_z,pete.z@web.de,428,Just a quick post.,05-02-2023 12:00,2870,2850
329,olivia_r,olivia.r@gmail.com,429,Dinner time.,05-02-2023 13:00,2880,2860
330,dan_t,dant@yahoo.com,430,Movie night.,05-02-2023 14:00,2890,2870
331,johndoe,john@example.com,431,New post!,06-02-2023 00:00,2900,2880
332,marysmith,mary.smith@mail.co,432,So much to do today.,06-02-2023 01:00,2910,2890
333,ali_g,alig@email.net,433,Just finished a meeting.,06-02-2023 02:00,2920,2900
334,sarah_p,sarahp@gmail.com,434,Feeling productive.,06-02-2023 03:00,2930,2910
335,chrisW,chris.w@yahoo.com,435,"New week, new goals.",06-02-2023 04:00,2940,2920
336,emily_jones,emily.j@web.de,436,Just a thought.,06-02-2023 05:00,2950,2930
337,alex123,alex@example.net,437,Working from my favorite cafe.,06-02-2023 06:00,2960,2940
338,brian_k,briank@mail.com,438,Just a quick post.,06-02-2023 07:00,2970,2950
339,linda_b,linda@b.net,439,Feeling blessed.,06-02-2023 08:00,2980,2960
340,steve_x,stevex@example.org,440,Time for a break.,06-02-2023 09:00,2990,2970
341,mike_d,miked@email.com,441,New post!,06-02-2023 10:00,3000,2980
342,nancy_g,nancyg@mail.com,442,Just a thought.,06-02-2023 11:00,3010,2990
343,pete_z,pete.z@web.de,443,What a day.,06-02-2023 12:00,3020,3000
344,olivia_r,olivia.r@gmail.com,444,Just posted a pic.,06-02-2023 13:00,3030,3010
345,dan_t,dant@yahoo.com,445,New recipe.,06-02-2023 14:00,3040,3020
346,johndoe,john@example.com,446,Good morning everyone!,07-02-2023 00:00,3050,3030
347,marysmith,mary.smith@mail.co,447,Back to work.,07-02-2023 01:00,3060,3040
348,ali_g,alig@email.net,448,New idea!,07-02-2023 02:00,3070,3050
349,sarah_p,sarahp@gmail.com,449,Just a thought.,07-02-2023 03:00,3080,3060
350,chrisW,chris.w@yahoo.com,450,Working from home today.,07-02-2023 04:00,3090,3070
351,emily_jones,emily.j@web.de,451,Another day.,07-02-2023 05:00,3100,3080
352,alex123,alex@example.net,452,Feeling good!,07-02-2023 06:00,3110,3090
353,brian_k,briank@mail.com,453,Just finished my workout.,07-02-2023 07:00,3120,3100
354,linda_b,linda@b.net,454,New recipe.,07-02-2023 08:00,3130,3110
355,steve_x,stevex@example.org,455,Looking forward to the weekend.,07-02-2023 09:00,3140,3120
356,mike_d,miked@email.com,456,Just posted an update.,07-02-2023 10:00,3150,3130
357,nancy_g,nancyg@mail.com,457,Time for a walk.,07-02-2023 11:00,3160,3140
358,pete_z,pete.z@web.de,458,Just a quick post.,07-02-2023 12:00,3170,3150
359,olivia_r,olivia.r@gmail.com,459,Dinner time.,07-02-2023 13:00,3180,3160
360,dan_t,dant@yahoo.com,460,Movie night.,07-02-2023 14:00,3190,3170
361,johndoe,john@example.com,461,New post!,08-02-2023 00:00,3200,3180
362,marysmith,mary.smith@mail.co,462,So much to do today.,08-02-2023 01:00,3210,3190
363,ali_g,alig@email.net,463,Just finished a meeting.,08-02-2023 02:00,3220,3200
364,sarah_p,sarahp@gmail.com,464,Feeling productive.,08-02-2023 03:00,3230,3210
365,chrisW,chris.w@yahoo.com,465,"New week, new goals.",08-02-2023 04:00,3240,3220
366,emily_jones,emily.j@web.de,466,Just a thought.,08-02-2023 05:00,3250,3230
367,alex123,alex@example.net,467,Working from my favorite cafe.,08-02-2023 06:00,3260,3240
368,brian_k,briank@mail.com,468,Just a quick post.,08-02-2023 07:00,3270,3250
369,linda_b,linda@b.net,469,Feeling blessed.,08-02-2023 08:00,3280,3260
370,steve_x,stevex@example.org,470,Time for a break.,08-02-2023 09:00,3290,3270
371,mike_d,miked@email.com,471,New post!,08-02-2023 10:00,3300,3280
372,nancy_g,nancyg@mail.com,472,Just a thought.,08-02-2023 11:00,3310,3290
373,pete_z,pete.z@web.de,473,What a day.,08-02-2023 12:00,3320,3300
374,olivia_r,olivia.r@gmail.com,474,Just posted a pic.,08-02-2023 13:00,3330,3310
375,dan_t,dant@yahoo.com,475,New recipe.,08-02-2023 14:00,3340,3320
376,johndoe,john@example.com,476,Good morning everyone!,09-02-2023 00:00,3350,3330
377,marysmith,mary.smith@mail.co,477,Back to work.,09-02-2023 01:00,3360,3340
378,ali_g,alig@email.net,478,New idea!,09-02-2023 02:00,3370,3350
379,sarah_p,sarahp@gmail.com,479,Just a thought.,09-02-2023 03:00,3380,3360
380,chrisW,chris.w@yahoo.com,480,Working from home today.,09-02-2023 04:00,3390,3370
381,emily_jones,emily.j@web.de,481,Another day.,09-02-2023 05:00,3400,3380
382,alex123,alex@example.net,482,Feeling good!,09-02-2023 06:00,3410,3390
383,brian_k,briank@mail.com,483,Just finished my workout.,09-02-2023 07:00,3420,3400
384,linda_b,linda@b.net,484,New recipe.,09-02-2023 08:00,3430,3410
385,steve_x,stevex@example.org,485,Looking forward to the weekend.,09-02-2023 09:00,3440,3420
386,mike_d,miked@email.com,486,Just posted an update.,09-02-2023 10:00,3450,3430
387,nancy_g,nancyg@mail.com,487,Time for a walk.,09-02-2023 11:00,3460,3440
388,pete_z,pete.z@web.de,488,Just a quick post.,09-02-2023 12:00,3470,3450
389,olivia_r,olivia.r@gmail.com,489,Dinner time.,09-02-2023 13:00,3480,3460
390,dan_t,dant@yahoo.com,490,Movie night.,09-02-2023 14:00,3490,3470
391,johndoe,john@example.com,491,New post!,10-02-2023 00:00,3500,3480
392,marysmith,mary.smith@mail.co,492,So much to do today.,10-02-2023 01:00,3510,3490
393,ali_g,alig@email.net,493,Just finished a meeting.,10-02-2023 02:00,3520,3500
394,sarah_p,sarahp@gmail.com,494,Feeling productive.,10-02-2023 03:00,3530,3510
395,chrisW,chris.w@yahoo.com,495,"New week, new goals.",10-02-2023 04:00,3540,3520
396,emily_jones,emily.j@web.de,496,Just a thought.,10-02-2023 05:00,3550,3530
397,alex123,alex@example.net,497,Working from my favorite cafe.,10-02-2023 06:00,3560,3540
398,brian_k,briank@mail.com,498,Just a quick post.,10-02-2023 07:00,3570,3550
399,linda_b,linda@b.net,499,Feeling blessed.,10-02-2023 08:00,3580,3560
400,steve_x,stevex@example.org,500,Time for a break.,10-02-2023 09:00,3590,3570
401,mike_d,miked@email.com,501,New post!,10-02-2023 10:00,3600,3580
402,nancy_g,nancyg@mail.com,502,Just a thought.,10-02-2023 11:00,3610,3590
403,pete_z,pete.z@web.de,503,What a day.,10-02-2023 12:00,3620,3600
404,olivia_r,olivia.r@gmail.com,504,Just posted a pic.,10-02-2023 13:00,3630,3610
405,dan_t,dant@yahoo.com,505,New recipe.,10-02-2023 14:00,3640,3620
406,johndoe,john@example.com,506,Good morning everyone!,11-02-2023 00:00,3650,3630
407,marysmith,mary.smith@mail.co,507,Back to work.,11-02-2023 01:00,3660,3640
408,ali_g,alig@email.net,508,New idea!,11-02-2023 02:00,3670,3650
409,sarah_p,sarahp@gmail.com,509,Just a thought.,11-02-2023 03:00,3680,3660
410,chrisW,chris.w@yahoo.com,510,Working from home today.,11-02-2023 04:00,3690,3670
411,emily_jones,emily.j@web.de,511,Another day.,11-02-2023 05:00,3700,3680
412,alex123,alex@example.net,512,Feeling good!,11-02-2023 06:00,3710,3690
413,brian_k,briank@mail.com,513,Just finished my workout.,11-02-2023 07:00,3720,3700
414,linda_b,linda@b.net,514,New recipe.,11-02-2023 08:00,3730,3710
415,steve_x,stevex@example.org,515,Looking forward to the weekend.,11-02-2023 09:00,3740,3720
416,mike_d,miked@email.com,516,Just posted an update.,11-02-2023 10:00,3750,3730
417,nancy_g,nancyg@mail.com,517,Time for a walk.,11-02-2023 11:00,3760,3740
418,pete_z,pete.z@web.de,518,Just a quick post.,11-02-2023 12:00,3770,3750
419,olivia_r,olivia.r@gmail.com,519,Dinner time.,11-02-2023 13:00,3780,3760
420,dan_t,dant@yahoo.com,520,Movie night.,11-02-2023 14:00,3790,3770
421,johndoe,john@example.com,521,New post!,12-02-2023 00:00,3800,3780
422,marysmith,mary.smith@mail.co,522,So much to do today.,12-02-2023 01:00,3810,3790
423,ali_g,alig@email.net,523,Just finished a meeting.,12-02-2023 02:00,3820,3800
424,sarah_p,sarahp@gmail.com,524,Feeling productive.,12-02-2023 03:00,3830,3810
425,chrisW,chris.w@yahoo.com,525,"New week, new goals.",12-02-2023 04:00,3840,3820
426,emily_jones,emily.j@web.de,526,Just a thought.,12-02-2023 05:00,3850,3830
427,alex123,alex@example.net,527,Working from my favorite cafe.,12-02-2023 06:00,3860,3840
428,brian_k,briank@mail.com,528,Just a quick post.,12-02-2023 07:00,3870,3850
429,linda_b,linda@b.net,529,Feeling blessed.,12-02-2023 08:00,3880,3860
430,steve_x,stevex@example.org,530,Time for a break.,12-02-2023 09:00,3890,3870
431,mike_d,miked@email.com,531,New post!,12-02-2023 10:00,3900,3880
432,nancy_g,nancyg@mail.com,532,Just a thought.,12-02-2023 11:00,3910,3890
433,pete_z,pete.z@web.de,533,What a day.,12-02-2023 12:00,3920,3900
434,olivia_r,olivia.r@gmail.com,534,Just posted a pic.,12-02-2023 13:00,3930,3910
435,dan_t,dant@yahoo.com,535,New recipe.,12-02-2023 14:00,3940,3920
436,johndoe,john@example.com,536,Good morning everyone!,13-02-2023 00:00,3950,3930
437,marysmith,mary.smith@mail.co,537,Back to work.,13-02-2023 01:00,3960,3940
438,ali_g,alig@email.net,538,New idea!,13-02-2023 02:00,3970,3950
439,sarah_p,sarahp@gmail.com,539,Just a thought.,13-02-2023 03:00,3980,3960
440,chrisW,chris.w@yahoo.com,540,Working from home today.,13-02-2023 04:00,3990,3970
441,emily_jones,emily.j@web.de,541,Another day.,13-02-2023 05:00,4000,3980
442,alex123,alex@example.net,542,Feeling good!,13-02-2023 06:00,4010,3990
443,brian_k,briank@mail.com,543,Just finished my workout.,13-02-2023 07:00,4020,4000
444,linda_b,linda@b.net,544,New recipe.,13-02-2023 08:00,4030,4010
445,steve_x,stevex@example.org,545,Looking forward to the weekend.,13-02-2023 09:00,4040,4020
446,mike_d,miked@email.com,546,Just posted an update.,13-02-2023 10:00,4050,4030
447,nancy_g,nancyg@mail.com,547,Time for a walk.,13-02-2023 11:00,4060,4040
448,pete_z,pete.z@web.de,548,Just a quick post.,13-02-2023 12:00,4070,4050
449,olivia_r,olivia.r@gmail.com,549,Dinner time.,13-02-2023 13:00,4080,4060
450,dan_t,dant@yahoo.com,550,Movie night.,13-02-2023 14:00,4090,4070
451,johndoe,john@example.com,551,New post!,14-02-2023 00:00,4100,4080
452,marysmith,mary.smith@mail.co,552,So much to do today.,14-02-2023 01:00,4110,4090
453,ali_g,alig@email.net,553,Just finished a meeting.,14-02-2023 02:00,4120,4100
454,sarah_p,sarahp@gmail.com,554,Feeling productive.,14-02-2023 03:00,4130,4110
455,chrisW,chris.w@yahoo.com,555,"New week, new goals.",14-02-2023 04:00,4140,4120
456,emily_jones,emily.j@web.de,556,Just a thought.,14-02-2023 05:00,4150,4130
457,alex123,alex@example.net,557,Working from my favorite cafe.,14-02-2023 06:00,4160,4140
458,brian_k,briank@mail.com,558,Just a quick post.,14-02-2023 07:00,4170,4150
459,linda_b,linda@b.net,559,Feeling blessed.,14-02-2023 08:00,4180,4160
460,steve_x,stevex@example.org,560,Time for a break.,14-02-2023 09:00,4190,4170
461,mike_d,miked@email.com,561,New post!,14-02-2023 10:00,4200,4180
462,nancy_g,nancyg@mail.com,562,Just a thought.,14-02-2023 11:00,4210,4190
463,pete_z,pete.z@web.de,563,What a day.,14-02-2023 12:00,4220,4200
464,olivia_r,olivia.r@gmail.com,564,Just posted a pic.,14-02-2023 13:00,4230,4210
465,dan_t,dant@yahoo.com,565,New recipe.,14-02-2023 14:00,4240,4220
466,johndoe,john@example.com,566,Good morning everyone!,15-02-2023 00:00,4250,4230
467,marysmith,mary.smith@mail.co,567,Back to work.,15-02-2023 01:00,4260,4240
468,ali_g,alig@email.net,568,New idea!,15-02-2023 02:00,4270,4250
469,sarah_p,sarahp@gmail.com,569,Just a thought.,15-02-2023 03:00,4280,4260
470,chrisW,chris.w@yahoo.com,570,Working from home today.,15-02-2023 04:00,4290,4270
471,emily_jones,emily.j@web.de,571,Another day.,15-02-2023 05:00,4300,4280
472,alex123,alex@example.net,572,Feeling good!,15-02-2023 06:00,4310,4290
473,brian_k,briank@mail.com,573,Just finished my workout.,15-02-2023 07:00,4320,4300
474,linda_b,linda@b.net,574,New recipe.,15-02-2023 08:00,4330,4310
475,steve_x,stevex@example.org,575,Looking forward to the weekend.,15-02-2023 09:00,4340,4320
476,mike_d,miked@email.com,576,Just posted an update.,15-02-2023 10:00,4350,4330
477,nancy_g,nancyg@mail.com,577,Time for a walk.,15-02-2023 11:00,4360,4340
478,pete_z,pete.z@web.de,578,Just a quick post.,15-02-2023 12:00,4370,4350
479,olivia_r,olivia.r@gmail.com,579,Dinner time.,15-02-2023 13:00,4380,4360
480,dan_t,dant@yahoo.com,580,Movie night.,15-02-2023 14:00,4390,4370
481,johndoe,john@example.com,581,New post!,16-02-2023 00:00,4400,4380
482,marysmith,mary.smith@mail.co,582,So much to do today.,16-02-2023 01:00,4410,4390
483,ali_g,alig@email.net,583,Just finished a meeting.,16-02-2023 02:00,4420,4400
484,sarah_p,sarahp@gmail.com,584,Feeling productive.,16-02-2023 03:00,4430,4410
485,chrisW,chris.w@yahoo.com,585,"New week, new goals.",16-02-2023 04:00,4440,4420
486,emily_jones,emily.j@web.de,586,Just a thought.,16-02-2023 05:00,4450,4430
487,alex123,alex@example.net,587,Working from my favorite cafe.,16-02-2023 06:00,4460,4440
488,brian_k,briank@mail.com,588,Just a quick post.,16-02-2023 07:00,4470,4450
489,linda_b,linda@b.net,589,Feeling blessed.,16-02-2023 08:00,4480,4460
490,steve_x,stevex@example.org,590,Time for a break.,16-02-2023 09:00,4490,4470
491,mike_d,miked@email.com,591,New post!,16-02-2023 10:00,4500,4480
492,nancy_g,nancyg@mail.com,592,Just a thought.,16-02-2023 11:00,4510,4490
493,pete_z,pete.z@web.de,593,What a day.,16-02-2023 12:00,4520,4500
494,olivia_r,olivia.r@gmail.com,594,Just posted a pic.,16-02-2023 13:00,4530,4510
495,dan_t,dant@yahoo.com,595,New recipe.,16-02-2023 14:00,4540,4520
496,johndoe,john@example.com,596,Good morning everyone!,17-02-2023 00:00,4550,4530
497,marysmith,mary.smith@mail.co,597,Back to work.,17-02-2023 01:00,4560,4540
498,ali_g,alig@email.net,598,New idea!,17-02-2023 02:00,4570,4550
499,sarah_p,sarahp@gmail.com,599,Just a thought.,17-02-2023 03:00,4580,4560
500,chrisW,chris.w@yahoo.com,600,Working from home today.,17-02-2023 04:00,4590,4570
501,emily_jones,emily.j@web.de,601,Another day.,17-02-2023 05:00,4600,4580
502,alex123,alex@example.net,602,Feeling good!,17-02-2023 06:00,4610,4590
503,brian_k,briank@mail.com,603,Just finished my workout.,17-02-2023 07:00,4620,4600
504,linda_b,linda@b.net,604,New recipe.,17-02-2023 08:00,4630,4610
505,steve_x,stevex@example.org,605,Looking forward to the weekend.,17-02-2023 09:00,4640,4620
506,mike_d,miked@email.com,606,Just posted an update.,17-02-2023 10:00,4650,4630
507,nancy_g,nancyg@mail.com,607,Time for a walk.,17-02-2023 11:00,4660,4640
508,pete_z,pete.z@web.de,608,Just a quick post.,17-02-2023 12:00,4670,4650
509,olivia_r,olivia.r@gmail.com,609,Dinner time.,17-02-2023 13:00,4680,4660
510,dan_t,dant@yahoo.com,610,Movie night.,17-02-2023 14:00,4690,4670
511,johndoe,john@example.com,611,New post!,18-02-2023 00:00,4700,4680
512,marysmith,mary.smith@mail.co,612,So much to do today.,18-02-2023 01:00,4710,4690
513,ali_g,alig@email.net,613,Just finished a meeting.,18-02-2023 02:00,4720,4700
514,sarah_p,sarahp@gmail.com,614,Feeling productive.,18-02-2023 03:00,4730,4710
515,chrisW,chris.w@yahoo.com,615,"New week, new goals.",18-02-2023 04:00,4740,4720
516,emily_jones,emily.j@web.de,616,Just a thought.,18-02-2023 05:00,4750,4730
517,alex123,alex@example.net,617,Working from my favorite cafe.,18-02-2023 06:00,4760,4740
518,brian_k,briank@mail.com,618,Just a quick post.,18-02-2023 07:00,4770,4750
519,linda_b,linda@b.net,619,Feeling blessed.,18-02-2023 08:00,4780,4760
520,steve_x,stevex@example.org,620,Time for a break.,18-02-2023 09:00,4790,4770
521,mike_d,miked@email.com,621,New post!,18-02-2023 10:00,4800,4780
522,nancy_g,nancyg@mail.com,622,Just a thought.,18-02-2023 11:00,4810,4790
523,pete_z,pete.z@web.de,623,What a day.,18-02-2023 12:00,4820,4800
524,olivia_r,olivia.r@gmail.com,624,Just posted a pic.,18-02-2023 13:00,4830,4810
525,dan_t,dant@yahoo.com,625,New recipe.,18-02-2023 14:00,4840,4820
526,johndoe,john@example.com,626,Good morning everyone!,19-02-2023 00:00,4850,4830
527,marysmith,mary.smith@mail.co,627,Back to work.,19-02-2023 01:00,4860,4840
528,ali_g,alig@email.net,628,New idea!,19-02-2023 02:00,4870,4850
529,sarah_p,sarahp@gmail.com,629,Just a thought.,19-02-2023 03:00,4880,4860
530,chrisW,chris.w@yahoo.com,630,Working from home today.,19-02-2023 04:00,4890,4870
531,emily_jones,emily.j@web.de,631,Another day.,19-02-2023 05:00,4900,4880
532,alex123,alex@example.net,632,Feeling good!,19-02-2023 06:00,4910,4890
533,brian_k,briank@mail.com,633,Just finished my workout.,19-02-2023 07:00,4920,4900
534,linda_b,linda@b.net,634,New recipe.,19-02-2023 08:00,4930,4910
535,steve_x,stevex@example.org,635,Looking forward to the weekend.,19-02-2023 09:00,4940,4920
536,mike_d,miked@email.com,636,Just posted an update.,19-02-2023 10:00,4950,4930
537,nancy_g,nancyg@mail.com,637,Time for a walk.,19-02-2023 11:00,4960,4940
538,pete_z,pete.z@web.de,638,Just a quick post.,19-02-2023 12:00,4970,4950
539,olivia_r,olivia.r@gmail.com,639,Dinner time.,19-02-2023 13:00,4980,4960
540,dan_t,dant@yahoo.com,640,Movie night.,19-02-2023 14:00,4990,4970
541,johndoe,john@example.com,641,New post!,20-02-2023 00:00,5000,4980
542,marysmith,mary.smith@mail.co,642,So much to do today.,20-02-2023 01:00,5010,4990
543,ali_g,alig@email.net,643,Just finished a meeting.,20-02-2023 02:00,5020,5000
544,sarah_p,sarahp@gmail.com,644,Feeling productive.,20-02-2023 03:00,5030,5010
545,chrisW,chris.w@yahoo.com,645,"New week, new goals.",20-02-2023 04:00,5040,5020
546,emily_jones,emily.j@web.de,646,Just a thought.,20-02-2023 05:00,5050,5030
547,alex123,alex@example.net,647,Working from my favorite cafe.,20-02-2023 06:00,5060,5040
548,brian_k,briank@mail.com,648,Just a quick post.,20-02-2023 07:00,5070,5050
549,linda_b,linda@b.net,649,Feeling blessed.,20-02-2023 08:00,5080,5060
550,steve_x,stevex@example.org,650,Time for a break.,20-02-2023 09:00,5090,5070
551,mike_d,miked@email.com,651,New post!,20-02-2023 10:00,5100,5080
552,nancy_g,nancyg@mail.com,652,Just a thought.,20-02-2023 11:00,5110,5090
553,pete_z,pete.z@web.de,653,What a day.,20-02-2023 12:00,5120,5100
554,olivia_r,olivia.r@gmail.com,654,Just posted a pic.,20-02-2023 13:00,5130,5110
555,dan_t,dant@yahoo.com,655,New recipe.,20-02-2023 14:00,5140,5120
556,johndoe,john@example.com,656,Good morning everyone!,21-02-2023 00:00,5150,5130
557,marysmith,mary.smith@mail.co,657,Back to work.,21-02-2023 01:00,5160,5140
558,ali_g,alig@email.net,658,New idea!,21-02-2023 02:00,5170,5150
559,sarah_p,sarahp@gmail.com,659,Just a thought.,21-02-2023 03:00,5180,5160
560,chrisW,chris.w@yahoo.com,660,Working from home today.,21-02-2023 04:00,5190,5170
561,emily_jones,emily.j@web.de,661,Another day.,21-02-2023 05:00,5200,5180
562,alex123,alex@example.net,662,Feeling good!,21-02-2023 06:00,5210,5190
563,brian_k,briank@mail.com,663,Just finished my workout.,21-02-2023 07:00,5220,5200
564,linda_b,linda@b.net,664,New recipe.,21-02-2023 08:00,5230,5210
565,steve_x,stevex@example.org,665,Looking forward to the weekend.,21-02-2023 09:00,5240,5220
566,mike_d,miked@email.com,666,Just posted an update.,21-02-2023 10:00,5250,5230
567,nancy_g,nancyg@mail.com,667,Time for a walk.,21-02-2023 11:00,5260,5240
568,pete_z,pete.z@web.de,668,Just a quick post.,21-02-2023 12:00,5270,5250
569,olivia_r,olivia.r@gmail.com,669,Dinner time.,21-02-2023 13:00,5280,5260
570,dan_t,dant@yahoo.com,670,Movie night.,21-02-2023 14:00,5290,5270
571,johndoe,john@example.com,671,New post!,22-02-2023 00:00,5300,5280
572,marysmith,mary.smith@mail.co,672,So much to do today.,22-02-2023 01:00,5310,5290
573,ali_g,alig@email.net,673,Just finished a meeting.,22-02-2023 02:00,5320,5300
574,sarah_p,sarahp@gmail.com,674,Feeling productive.,22-02-2023 03:00,5330,5310
575,chrisW,chris.w@yahoo.com,675,"New week, new goals.",22-02-2023 04:00,5340,5320
576,emily_jones,emily.j@web.de,676,Just a thought.,22-02-2023 05:00,5350,5330
577,alex123,alex@example.net,677,Working from my favorite cafe.,22-02-2023 06:00,5360,5340
578,brian_k,briank@mail.com,678,Just a quick post.,22-02-2023 07:00,5370,5350
579,linda_b,linda@b.net,679,Feeling blessed.,22-02-2023 08:00,5380,5360
580,steve_x,stevex@example.org,680,Time for a break.,22-02-2023 09:00,5390,5370
581,mike_d,miked@email.com,681,New post!,22-02-2023 10:00,5400,5380
582,nancy_g,nancyg@mail.com,682,Just a thought.,22-02-2023 11:00,5410,5390
583,pete_z,pete.z@web.de,683,What a day.,22-02-2023 12:00,5420,5400
584,olivia_r,olivia.r@gmail.com,684,Just posted a pic.,22-02-2023 13:00,5430,5410
585,dan_t,dant@yahoo.com,685,New recipe.,22-02-2023 14:00,5440,5420
586,johndoe,john@example.com,686,Good morning everyone!,23-02-2023 00:00,5450,5430
587,marysmith,mary.smith@mail.co,687,Back to work.,23-02-2023 01:00,5460,5440
588,ali_g,alig@email.net,688,New idea!,23-02-2023 02:00,5470,5450
589,sarah_p,sarahp@gmail.com,689,Just a thought.,23-02-2023 03:00,5480,5460
590,chrisW,chris.w@yahoo.com,690,Working from home today.,23-02-2023 04:00,5490,5470
591,emily_jones,emily.j@web.de,691,Another day.,23-02-2023 05:00,5500,5480
592,alex123,alex@example.net,692,Feeling good!,23-02-2023 06:00,5510,5490
593,brian_k,briank@mail.com,693,Just finished my workout.,23-02-2023 07:00,5520,5500
594,linda_b,linda@b.net,694,New recipe.,23-02-2023 08:00,5530,5510
595,steve_x,stevex@example.org,695,Looking forward to the weekend.,23-02-2023 09:00,5540,5520
596,mike_d,miked@email.com,696,Just posted an update.,23-02-2023 10:00,5550,5530
597,nancy_g,nancyg@mail.com,697,Time for a walk.,23-02-2023 11:00,5560,5540
598,pete_z,pete.z@web.de,698,Just a quick post.,23-02-2023 12:00,5570,5550
599,olivia_r,olivia.r@gmail.com,699,Dinner time.,23-02-2023 13:00,5580,5560
600,dan_t,dant@yahoo.com,700,Movie night.,23-02-2023 14:00,5590,5570
601,johndoe,john@example.com,701,New post!,24-02-2023 00:00,5600,5580
602,marysmith,mary.smith@mail.co,702,So much to do today.,24-02-2023 01:00,5610,5590
603,ali_g,alig@email.net,703,Just finished a meeting.,24-02-2023 02:00,5620,5600
604,sarah_p,sarahp@gmail.com,704,Feeling productive.,24-02-2023 03:00,5630,5610
605,chrisW,chris.w@yahoo.com,705,"New week, new goals.",24-02-2023 04:00,5640,5620
606,emily_jones,emily.j@web.de,706,Just a thought.,24-02-2023 05:00,5650,5630
607,alex123,alex@example.net,707,Working from my favorite cafe.,24-02-2023 06:00,5660,5640
608,brian_k,briank@mail.com,708,Just a quick post.,24-02-2023 07:00,5670,5650
609,linda_b,linda@b.net,709,Feeling blessed.,24-02-2023 08:00,5680,5660
610,steve_x,stevex@example.org,710,Time for a break.,24-02-2023 09:00,5690,5670
611,mike_d,miked@email.com,711,New post!,24-02-2023 10:00,5700,5680
612,nancy_g,nancyg@mail.com,712,Just a thought.,24-02-2023 11:00,5710,5690
613,pete_z,pete.z@web.de,713,What a day.,24-02-2023 12:00,5720,5700
614,olivia_r,olivia.r@gmail.com,714,Just posted a pic.,24-02-2023 13:00,5730,5710
615,dan_t,dant@yahoo.com,715,New recipe.,24-02-2023 14:00,5740,5720
616,johndoe,john@example.com,716,Good morning everyone!,25-02-2023 00:00,5750,5730
617,marysmith,mary.smith@mail.co,717,Back to work.,25-02-2023 01:00,5760,5740
618,ali_g,alig@email.net,718,New idea!,25-02-2023 02:00,5770,5750
619,sarah_p,sarahp@gmail.com,719,Just a thought.,25-02-2023 03:00,5780,5760
620,chrisW,chris.w@yahoo.com,720,Working from home today.,25-02-2023 04:00,5790,5770
621,emily_jones,emily.j@web.de,721,Another day.,25-02-2023 05:00,5800,5780
622,alex123,alex@example.net,722,Feeling good!,25-02-2023 06:00,5810,5790
623,brian_k,briank@mail.com,723,Just finished my workout.,25-02-2023 07:00,5820,5800
624,linda_b,linda@b.net,724,New recipe.,25-02-2023 08:00,5830,5810
625,steve_x,stevex@example.org,725,Looking forward to the weekend.,25-02-2023 09:00,5840,5820
626,mike_d,miked@email.com,726,Just posted an update.,25-02-2023 10:00,5850,5830
627,nancy_g,nancyg@mail.com,727,Time for a walk.,25-02-2023 11:00,5860,5840
628,pete_z,pete.z@web.de,728,Just a quick post.,25-02-2023 12:00,5870,5850
629,olivia_r,olivia.r@gmail.com,729,Dinner time.,25-02-2023 13:00,5880,5860
630,dan_t,dant@yahoo.com,730,Movie night.,25-02-2023 14:00,5890,5870
631,johndoe,john@example.com,731,New post!,26-02-2023 00:00,5900,5880
632,marysmith,mary.smith@mail.co,732,So much to do today.,26-02-2023 01:00,5910,5890
633,ali_g,alig@email.net,733,Just finished a meeting.,26-02-2023 02:00,5920,5900
634,sarah_p,sarahp@gmail.com,734,Feeling productive.,26-02-2023 03:00,5930,5910
635,chrisW,chris.w@yahoo.com,735,"New week, new goals.",26-02-2023 04:00,5940,5920
636,emily_jones,emily.j@web.de,736,Just a thought.,26-02-2023 05:00,5950,5930
637,alex123,alex@example.net,737,Working from my favorite cafe.,26-02-2023 06:00,5960,5940
638,brian_k,briank@mail.com,738,Just a quick post.,26-02-2023 07:00,5970,5950
639,linda_b,linda@b.net,739,Feeling blessed.,26-02-2023 08:00,5980,5960
640,steve_x,stevex@example.org,740,Time for a break.,26-02-2023 09:00,5990,5970
641,mike_d,miked@email.com,741,New post!,26-02-2023 10:00,6000,5980
642,nancy_g,nancyg@mail.com,742,Just a thought.,26-02-2023 11:00,6010,5990
643,pete_z,pete.z@web.de,743,What a day.,26-02-2023 12:00,6020,6000
644,olivia_r,olivia.r@gmail.com,744,Just posted a pic.,26-02-2023 13:00,6030,6010
645,dan_t,dant@yahoo.com,745,New recipe.,26-02-2023 14:00,6040,6020
646,johndoe,john@example.com,746,Good morning everyone!,27-02-2023 00:00,6050,6030
647,marysmith,mary.smith@mail.co,747,Back to work.,27-02-2023 01:00,6060,6040
648,ali_g,alig@email.net,748,New idea!,27-02-2023 02:00,6070,6050
649,sarah_p,sarahp@gmail.com,749,Just a thought.,27-02-2023 03:00,6080,6060
650,chrisW,chris.w@yahoo.com,750,Working from home today.,27-02-2023 04:00,6090,6070
651,emily_jones,emily.j@web.de,751,Another day.,27-02-2023 05:00,6100,6080
652,alex123,alex@example.net,752,Feeling good!,27-02-2023 06:00,6110,6090
653,brian_k,briank@mail.com,753,Just finished my workout.,27-02-2023 07:00,6120,6100
654,linda_b,linda@b.net,754,New recipe.,27-02-2023 08:00,6130,6110
655,steve_x,stevex@example.org,755,Looking forward to the weekend.,27-02-2023 09:00,6140,6120
656,mike_d,miked@email.com,756,Just posted an update.,27-02-2023 10:00,6150,6130
657,nancy_g,nancyg@mail.com,757,Time for a walk.,27-02-2023 11:00,6160,6140
658,pete_z,pete.z@web.de,758,Just a quick post.,27-02-2023 12:00,6170,6150
659,olivia_r,olivia.r@gmail.com,759,Dinner time.,27-02-2023 13:00,6180,6160
660,dan_t,dant@yahoo.com,760,Movie night.,27-02-2023 14:00,6190,6170
661,johndoe,john@example.com,761,New post!,28-02-2023 00:00,6200,6180
662,marysmith,mary.smith@mail.co,762,So much to do today.,28-02-2023 01:00,6210,6190
663,ali_g,alig@email.net,763,Just finished a meeting.,28-02-2023 02:00,6220,6200
664,sarah_p,sarahp@gmail.com,764,Feeling productive.,28-02-2023 03:00,6230,6210
665,chrisW,chris.w@yahoo.com,765,"New week, new goals.",28-02-2023 04:00,6240,6220
666,emily_jones,emily.j@web.de,766,Just a thought.,28-02-2023 05:00,6250,6230
667,alex123,alex@example.net,767,Working from my favorite cafe.,28-02-2023 06:00,6260,6240
668,brian_k,briank@mail.com,768,Just a quick post.,28-02-2023 07:00,6270,6250
669,linda_b,linda@b.net,769,Feeling blessed.,28-02-2023 08:00,6280,6260
670,steve_x,stevex@example.org,770,Time for a break.,28-02-2023 09:00,6290,6270
671,mike_d,miked@email.com,771,New post!,28-02-2023 10:00,6300,6280
672,nancy_g,nancyg@mail.com,772,Just a thought.,28-02-2023 11:00,6310,6290
673,pete_z,pete.z@web.de,773,What a day.,28-02-2023 12:00,6320,6300
674,olivia_r,olivia.r@gmail.com,774,Just posted a pic.,28-02-2023 13:00,6330,6310
675,dan_t,dant@yahoo.com,775,New recipe.,28-02-2023 14:00,6340,6320
676,johndoe,john@example.com,776,Good morning everyone!,01-03-2023 00:00,6350,6330
677,marysmith,mary.smith@mail.co,777,Back to work.,01-03-2023 01:00,6360,6340
678,ali_g,alig@email.net,778,New idea!,01-03-2023 02:00,6370,6350
679,sarah_p,sarahp@gmail.com,779,Just a thought.,01-03-2023 03:00,6380,6360
680,chrisW,chris.w@yahoo.com,780,Working from home today.,01-03-2023 04:00,6390,6370
681,emily_jones,emily.j@web.de,781,Another day.,01-03-2023 05:00,6400,6380
682,alex123,alex@example.net,782,Feeling good!,01-03-2023 06:00,6410,6390
683,brian_k,briank@mail.com,783,Just finished my workout.,01-03-2023 07:00,6420,6400
684,linda_b,linda@b.net,784,New recipe.,01-03-2023 08:00,6430,6410
685,steve_x,stevex@example.org,785,Looking forward to the weekend.,01-03-2023 09:00,6440,6420
686,mike_d,miked@email.com,786,Just posted an update.,01-03-2023 10:00,6450,6430
687,nancy_g,nancyg@mail.com,787,Time for a walk.,01-03-2023 11:00,6460,6440
688,pete_z,pete.z@web.de,788,Just a quick post.,01-03-2023 12:00,6470,6450
689,olivia_r,olivia.r@gmail.com,789,Dinner time.,01-03-2023 13:00,6480,6460
690,dan_t,dant@yahoo.com,790,Movie night.,01-03-2023 14:00,6490,6470
691,johndoe,john@example.com,791,New post!,02-03-2023 00:00,6500,6480
692,marysmith,mary.smith@mail.co,792,So much to do today.,02-03-2023 01:00,6510,6490
693,ali_g,alig@email.net,793,Just finished a meeting.,02-03-2023 02:00,6520,6500
694,sarah_p,sarahp@gmail.com,794,Feeling productive.,02-03-2023 03:00,6530,6510
695,chrisW,chris.w@yahoo.com,795,"New week, new goals.",02-03-2023 04:00,6540,6520
696,emily_jones,emily.j@web.de,796,Just a thought.,02-03-2023 05:00,6550,6530
697,alex123,alex@example.net,797,Working from my favorite cafe.,02-03-2023 06:00,6560,6540
698,brian_k,briank@mail.com,798,Just a quick post.,02-03-2023 07:00,6570,6550
699,linda_b,linda@b.net,799,Feeling blessed.,02-03-2023 08:00,6580,6560
700,steve_x,stevex@example.org,800,Time for a break.,02-03-2023 09:00,6590,6570
701,mike_d,miked@email.com,801,New post!,02-03-2023 10:00,6600,6580
702,nancy_g,nancyg@mail.com,802,Just a thought.,02-03-2023 11:00,6610,6590
703,pete_z,pete.z@web.de,803,What a day.,02-03-2023 12:00,6620,6600
704,olivia_r,olivia.r@gmail.com,804,Just posted a pic.,02-03-2023 13:00,6630,6610
705,dan_t,dant@yahoo.com,805,New recipe.,02-03-2023 14:00,6640,6620
706,johndoe,john@example.com,806,Good morning everyone!,03-03-2023 00:00,6650,6630
707,marysmith,mary.smith@mail.co,807,Back to work.,03-03-2023 01:00,6660,6640
708,ali_g,alig@email.net,808,New idea!,03-03-2023 02:00,6670,6650
709,sarah_p,sarahp@gmail.com,809,Just a thought.,03-03-2023 03:00,6680,6660
710,chrisW,chris.w@yahoo.com,810,Working from home today.,03-03-2023 04:00,6690,6670
711,emily_jones,emily.j@web.de,811,Another day.,03-03-2023 05:00,6700,6680
712,alex123,alex@example.net,812,Feeling good!,03-03-2023 06:00,6710,6690
713,brian_k,briank@mail.com,813,Just finished my workout.,03-03-2023 07:00,6720,6700
714,linda_b,linda@b.net,814,New recipe.,03-03-2023 08:00,6730,6710
715,steve_x,stevex@example.org,815,Looking forward to the weekend.,03-03-2023 09:00,6740,6720
716,mike_d,miked@email.com,816,Just posted an update.,03-03-2023 10:00,6750,6730
717,nancy_g,nancyg@mail.com,817,Time for a walk.,03-03-2023 11:00,6760,6740
718,pete_z,pete.z@web.de,818,Just a quick post.,03-03-2023 12:00,6770,6750
719,olivia_r,olivia.r@gmail.com,819,Dinner time.,03-03-2023 13:00,6780,6760
720,dan_t,dant@yahoo.com,820,Movie night.,03-03-2023 14:00,6790,6770
721,johndoe,john@example.com,821,New post!,04-03-2023 00:00,6800,6780
722,marysmith,mary.smith@mail.co,822,So much to do today.,04-03-2023 01:00,6810,6790
723,ali_g,alig@email.net,823,Just finished a meeting.,04-03-2023 02:00,6820,6800
724,sarah_p,sarahp@gmail.com,824,Feeling productive.,04-03-2023 03:00,6830,6810
725,chrisW,chris.w@yahoo.com,825,"New week, new goals.",04-03-2023 04:00,6840,6820
726,emily_jones,emily.j@web.de,826,Just a thought.,04-03-2023 05:00,6850,6830
727,alex123,alex@example.net,827,Working from my favorite cafe.,04-03-2023 06:00,6860,6840
728,brian_k,briank@mail.com,828,Just a quick post.,04-03-2023 07:00,6870,6850
729,linda_b,linda@b.net,829,Feeling blessed.,04-03-2023 08:00,6880,6860
730,steve_x,stevex@example.org,830,Time for a break.,04-03-2023 09:00,6890,6870
731,mike_d,miked@email.com,831,New post!,04-03-2023 10:00,6900,6880
732,nancy_g,nancyg@mail.com,832,Just a thought.,04-03-2023 11:00,6910,6890
733,pete_z,pete.z@web.de,833,What a day.,04-03-2023 12:00,6920,6900
734,olivia_r,olivia.r@gmail.com,834,Just posted a pic.,04-03-2023 13:00,6930,6910
735,dan_t,dant@yahoo.com,835,New recipe.,04-03-2023 14:00,6940,6920
736,johndoe,john@example.com,836,Good morning everyone!,05-03-2023 00:00,6950,6930
737,marysmith,mary.smith@mail.co,837,Back to work.,05-03-2023 01:00,6960,6940
738,ali_g,alig@email.net,838,New idea!,05-03-2023 02:00,6970,6950
739,sarah_p,sarahp@gmail.com,839,Just a thought.,05-03-2023 03:00,6980,6960
740,chrisW,chris.w@yahoo.com,840,Working from home today.,05-03-2023 04:00,6990,6970
741,emily_jones,emily.j@web.de,841,Another day.,05-03-2023 05:00,7000,6980
742,alex123,alex@example.net,842,Feeling good!,05-03-2023 06:00,7010,6990
743,brian_k,briank@mail.com,843,Just finished my workout.,05-03-2023 07:00,7020,7000
744,linda_b,linda@b.net,844,New recipe.,05-03-2023 08:00,7030,7010
745,steve_x,stevex@example.org,845,Looking forward to the weekend.,05-03-2023 09:00,7040,7020
746,mike_d,miked@email.com,846,Just posted an update.,05-03-2023 10:00,7050,7030
747,nancy_g,nancyg@mail.com,847,Time for a walk.,05-03-2023 11:00,7060,7040
748,pete_z,pete.z@web.de,848,Just a quick post.,05-03-2023 12:00,7070,7050
749,olivia_r,olivia.r@gmail.com,849,Dinner time.,05-03-2023 13:00,7080,7060
750,dan_t,dant@yahoo.com,850,Movie night.,05-03-2023 14:00,7090,7070
751,johndoe,john@example.com,851,New post!,06-03-2023 00:00,7100,7080
752,marysmith,mary.smith@mail.co,852,So much to do today.,06-03-2023 01:00,7110,7090
753,ali_g,alig@email.net,853,Just finished a meeting.,06-03-2023 02:00,7120,7100
754,sarah_p,sarahp@gmail.com,854,Feeling productive.,06-03-2023 03:00,7130,7110
755,chrisW,chris.w@yahoo.com,855,"New week, new goals.",06-03-2023 04:00,7140,7120
756,emily_jones,emily.j@web.de,856,Just a thought.,06-03-2023 05:00,7150,7130
757,alex123,alex@example.net,857,Working from my favorite cafe.,06-03-2023 06:00,7160,7140
758,brian_k,briank@mail.com,858,Just a quick post.,06-03-2023 07:00,7170,7150
759,linda_b,linda@b.net,859,Feeling blessed.,06-03-2023 08:00,7180,7160
760,steve_x,stevex@example.org,860,Time for a break.,06-03-2023 09:00,7190,7170
761,mike_d,miked@email.com,861,New post!,06-03-2023 10:00,7200,7180
762,nancy_g,nancyg@mail.com,862,Just a thought.,06-03-2023 11:00,7210,7190
763,pete_z,pete.z@web.de,863,What a day.,06-03-2023 12:00,7220,7200
764,olivia_r,olivia.r@gmail.com,864,Just posted a pic.,06-03-2023 13:00,7230,7210
765,dan_t,dant@yahoo.com,865,New recipe.,06-03-2023 14:00,7240,7220
766,johndoe,john@example.com,866,Good morning everyone!,07-03-2023 00:00,7250,7230
767,marysmith,mary.smith@mail.co,867,Back to work.,07-03-2023 01:00,7260,7240
768,ali_g,alig@email.net,868,New idea!,07-03-2023 02:00,7270,7250
769,sarah_p,sarahp@gmail.com,869,Just a thought.,07-03-2023 03:00,7280,7260
770,chrisW,chris.w@yahoo.com,870,Working from home today.,07-03-2023 04:00,7290,7270
771,emily_jones,emily.j@web.de,871,Another day.,07-03-2023 05:00,7300,7280
772,alex123,alex@example.net,872,Feeling good!,07-03-2023 06:00,7310,7290
773,brian_k,briank@mail.com,873,Just finished my workout.,07-03-2023 07:00,7320,7300
774,linda_b,linda@b.net,874,New recipe.,07-03-2023 08:00,7330,7310
775,steve_x,stevex@example.org,875,Looking forward to the weekend.,07-03-2023 09:00,7340,7320
776,mike_d,miked@email.com,876,Just posted an update.,07-03-2023 10:00,7350,7330
777,nancy_g,nancyg@mail.com,877,Time for a walk.,07-03-2023 11:00,7360,7340
778,pete_z,pete.z@web.de,878,Just a quick post.,07-03-2023 12:00,7370,7350
779,olivia_r,olivia.r@gmail.com,879,Dinner time.,07-03-2023 13:00,7380,7360
780,dan_t,dant@yahoo.com,880,Movie night.,07-03-2023 14:00,7390,7370
781,johndoe,john@example.com,881,New post!,08-03-2023 00:00,7400,7380
782,marysmith,mary.smith@mail.co,882,So much to do today.,08-03-2023 01:00,7410,7390
783,ali_g,alig@email.net,883,Just finished a meeting.,08-03-2023 02:00,7420,7400
784,sarah_p,sarahp@gmail.com,884,Feeling productive.,08-03-2023 03:00,7430,7410
785,chrisW,chris.w@yahoo.com,885,"New week, new goals.",08-03-2023 04:00,7440,7420
786,emily_jones,emily.j@web.de,886,Just a thought.,08-03-2023 05:00,7450,7430
787,alex123,alex@example.net,887,Working from my favorite cafe.,08-03-2023 06:00,7460,7440
788,brian_k,briank@mail.com,888,Just a quick post.,08-03-2023 07:00,7470,7450
789,linda_b,linda@b.net,889,Feeling blessed.,08-03-2023 08:00,7480,7460
790,steve_x,stevex@example.org,890,Time for a break.,08-03-2023 09:00,7490,7470
791,mike_d,miked@email.com,891,New post!,08-03-2023 10:00,7500,7480
792,nancy_g,nancyg@mail.com,892,Just a thought.,08-03-2023 11:00,7510,7490
793,pete_z,pete.z@web.de,893,What a day.,08-03-2023 12:00,7520,7500
794,olivia_r,olivia.r@gmail.com,894,Just posted a pic.,08-03-2023 13:00,7530,7510
795,dan_t,dant@yahoo.com,895,New recipe.,08-03-2023 14:00,7540,7520
796,johndoe,john@example.com,896,Good morning everyone!,09-03-2023 00:00,7550,7530
797,marysmith,mary.smith@mail.co,897,Back to work.,09-03-2023 01:00,7560,7540
798,ali_g,alig@email.net,898,New idea!,09-03-2023 02:00,7570,7550
799,sarah_p,sarahp@gmail.com,899,Just a thought.,09-03-2023 03:00,7580,7560
800,chrisW,chris.w@yahoo.com,900,Working from home today.,09-03-2023 04:00,7590,7570
801,emily_jones,emily.j@web.de,901,Another day.,09-03-2023 05:00,7600,7580
802,alex123,alex@example.net,902,Feeling good!,09-03-2023 06:00,7610,7590
803,brian_k,briank@mail.com,903,Just finished my workout.,09-03-2023 07:00,7620,7600
804,linda_b,linda@b.net,904,New recipe.,09-03-2023 08:00,7630,7610
805,steve_x,stevex@example.org,905,Looking forward to the weekend.,09-03-2023 09:00,7640,7620
806,mike_d,miked@email.com,906,Just posted an update.,09-03-2023 10:00,7650,7630
807,nancy_g,nancyg@mail.com,907,Time for a walk.,09-03-2023 11:00,7660,7640
808,pete_z,pete.z@web.de,908,Just a quick post.,09-03-2023 12:00,7670,7650
809,olivia_r,olivia.r@gmail.com,909,Dinner time.,09-03-2023 13:00,7680,7660
810,dan_t,dant@yahoo.com,910,Movie night.,09-03-2023 14:00,7690,7670
811,johndoe,john@example.com,911,New post!,10-03-2023 00:00,7700,7680
812,marysmith,mary.smith@mail.co,912,So much to do today.,10-03-2023 01:00,7710,7690
813,ali_g,alig@email.net,913,Just finished a meeting.,10-03-2023 02:00,7720,7700
814,sarah_p,sarahp@gmail.com,914,Feeling productive.,10-03-2023 03:00,7730,7710
815,chrisW,chris.w@yahoo.com,915,"New week, new goals.",10-03-2023 04:00,7740,7720
816,emily_jones,emily.j@web.de,916,Just a thought.,10-03-2023 05:00,7750,7730
817,alex123,alex@example.net,917,Working from my favorite cafe.,10-03-2023 06:00,7760,7740
818,brian_k,briank@mail.com,918,Just a quick post.,10-03-2023 07:00,7770,7750
819,linda_b,linda@b.net,919,Feeling blessed.,10-03-2023 08:00,7780,7760
820,steve_x,stevex@example.org,920,Time for a break.,10-03-2023 09:00,7790,7770
821,mike_d,miked@email.com,921,New post!,10-03-2023 10:00,7800,7780
822,nancy_g,nancyg@mail.com,922,Just a thought.,10-03-2023 11:00,7810,7790
823,pete_z,pete.z@web.de,923,What a day.,10-03-2023 12:00,7820,7800
824,olivia_r,olivia.r@gmail.com,924,Just posted a pic.,10-03-2023 13:00,7830,7810
825,dan_t,dant@yahoo.com,925,New recipe.,10-03-2023 14:00,7840,7820
826,johndoe,john@example.com,926,Good morning everyone!,11-03-2023 00:00,7850,7830
827,marysmith,mary.smith@mail.co,927,Back to work.,11-03-2023 01:00,7860,7840
828,ali_g,alig@email.net,928,New idea!,11-03-2023 02:00,7870,7850
829,sarah_p,sarahp@gmail.com,929,Just a thought.,11-03-2023 03:00,7880,7860
830,chrisW,chris.w@yahoo.com,930,Working from home today.,11-03-2023 04:00,7890,7870
831,emily_jones,emily.j@web.de,931,Another day.,11-03-2023 05:00,7900,7880
832,alex123,alex@example.net,932,Feeling good!,11-03-2023 06:00,7910,7890
833,brian_k,briank@mail.com,933,Just finished my workout.,11-03-2023 07:00,7920,7900
834,linda_b,linda@b.net,934,New recipe.,11-03-2023 08:00,7930,7910
835,steve_x,stevex@example.org,935,Looking forward to the weekend.,11-03-2023 09:00,7940,7920
836,mike_d,miked@email.com,936,Just posted an update.,11-03-2023 10:00,7950,7930
837,nancy_g,nancyg@mail.com,937,Time for a walk.,11-03-2023 11:00,7960,7940
838,pete_z,pete.z@web.de,938,Just a quick post.,11-03-2023 12:00,7970,7950
839,olivia_r,olivia.r@gmail.com,939,Dinner time.,11-03-2023 13:00,7980,7960
840,dan_t,dant@yahoo.com,940,Movie night.,11-03-2023 14:00,7990,7970
841,johndoe,john@example.com,941,New post!,12-03-2023 00:00,8000,7980
842,marysmith,mary.smith@mail.co,942,So much to do today.,12-03-2023 01:00,8010,7990
843,ali_g,alig@email.net,943,Just finished a meeting.,12-03-2023 02:00,8020,8000
844,sarah_p,sarahp@gmail.com,944,Feeling productive.,12-03-2023 03:00,8030,8010
845,chrisW,chris.w@yahoo.com,945,"New week, new goals.",12-03-2023 04:00,8040,8020
846,emily_jones,emily.j@web.de,946,Just a thought.,12-03-2023 05:00,8050,8030
847,alex123,alex@example.net,947,Working from my favorite cafe.,12-03-2023 06:00,8060,8040
848,brian_k,briank@mail.com,948,Just a quick post.,12-03-2023 07:00,8070,8050
849,linda_b,linda@b.net,949,Feeling blessed.,12-03-2023 08:00,8080,8060
850,steve_x,stevex@example.org,950,Time for a break.,12-03-2023 09:00,8090,8070
851,mike_d,miked@email.com,951,New post!,12-03-2023 10:00,8100,8080
852,nancy_g,nancyg@mail.com,952,Just a thought.,12-03-2023 11:00,8110,8090
853,pete_z,pete.z@web.de,953,What a day.,12-03-2023 12:00,8120,8100
854,olivia_r,olivia.r@gmail.com,954,Just posted a pic.,12-03-2023 13:00,8130,8110
855,dan_t,dant@yahoo.com,955,New recipe.,12-03-2023 14:00,8140,8120
856,johndoe,john@example.com,956,Good morning everyone!,13-03-2023 00:00,8150,8130
857,marysmith,mary.smith@mail.co,957,Back to work.,13-03-2023 01:00,8160,8140
858,ali_g,alig@email.net,958,New idea!,13-03-2023 02:00,8170,8150
859,sarah_p,sarahp@gmail.com,959,Just a thought.,13-03-2023 03:00,8180,8160
860,chrisW,chris.w@yahoo.com,960,Working from home today.,13-03-2023 04:00,8190,8170
861,emily_jones,emily.j@web.de,961,Another day.,13-03-2023 05:00,8200,8180
862,alex123,alex@example.net,962,Feeling good!,13-03-2023 06:00,8210,8190
863,brian_k,briank@mail.com,963,Just finished my workout.,13-03-2023 07:00,8220,8200
864,linda_b,linda@b.net,964,New recipe.,13-03-2023 08:00,8230,8210
865,steve_x,stevex@example.org,965,Looking forward to the weekend.,13-03-2023 09:00,8240,8220
866,mike_d,miked@email.com,966,Just posted an update.,13-03-2023 10:00,8250,8230
867,nancy_g,nancyg@mail.com,967,Time for a walk.,13-03-2023 11:00,8260,8240
868,pete_z,pete.z@web.de,968,Just a quick post.,13-03-2023 12:00,8270,8250
869,olivia_r,olivia.r@gmail.com,969,Dinner time.,13-03-2023 13:00,8280,8260
870,dan_t,dant@yahoo.com,970,Movie night.,13-03-2023 14:00,8290,8270
871,johndoe,john@example.com,971,New post!,14-03-2023 00:00,8300,8280
872,marysmith,mary.smith@mail.co,972,So much to do today.,14-03-2023 01:00,8310,8290
873,ali_g,alig@email.net,973,Just finished a meeting.,14-03-2023 02:00,8320,8300
874,sarah_p,sarahp@gmail.com,974,Feeling productive.,14-03-2023 03:00,8330,8310
875,chrisW,chris.w@yahoo.com,975,"New week, new goals.",14-03-2023 04:00,8340,8320
876,emily_jones,emily.j@web.de,976,Just a thought.,14-03-2023 05:00,8350,8330
877,alex123,alex@example.net,977,Working from my favorite cafe.,14-03-2023 06:00,8360,8340
878,brian_k,briank@mail.com,978,Just a quick post.,14-03-2023 07:00,8370,8350
879,linda_b,linda@b.net,979,Feeling blessed.,14-03-2023 08:00,8380,8360
880,steve_x,stevex@example.org,980,Time for a break.,14-03-2023 09:00,8390,8370
881,mike_d,miked@email.com,981,New post!,14-03-2023 10:00,8400,8380
882,nancy_g,nancyg@mail.com,982,Just a thought.,14-03-2023 11:00,8410,8390
883,pete_z,pete.z@web.de,983,What a day.,14-03-2023 12:00,8420,8400
884,olivia_r,olivia.r@gmail.com,984,Just posted a pic.,14-03-2023 13:00,8430,8410
885,dan_t,dant@yahoo.com,985,New recipe.,14-03-2023 14:00,8440,8420
886,johndoe,john@example.com,986,Good morning everyone!,15-03-2023 00:00,8450,8430
887,marysmith,mary.smith@mail.co,987,Back to work.,15-03-2023 01:00,8460,8440
888,ali_g,alig@email.net,988,New idea!,15-03-2023 02:00,8470,8450
889,sarah_p,sarahp@gmail.com,989,Just a thought.,15-03-2023 03:00,8480,8460
890,chrisW,chris.w@yahoo.com,990,Working from home today.,15-03-2023 04:00,8490,8470
891,emily_jones,emily.j@web.de,991,Another day.,15-03-2023 05:00,8500,8480
892,alex123,alex@example.net,992,Feeling good!,15-03-2023 06:00,8510,8490
893,brian_k,briank@mail.com,993,Just finished my workout.,15-03-2023 07:00,8520,8500
894,linda_b,linda@b.net,994,New recipe.,15-03-2023 08:00,8530,8510
895,steve_x,stevex@example.org,995,Looking forward to the weekend.,15-03-2023 09:00,8540,8520
896,mike_d,miked@email.com,996,Just posted an update.,15-03-2023 10:00,8550,8530
897,nancy_g,nancyg@mail.com,997,Time for a walk.,15-03-2023 11:00,8560,8540
898,pete_z,pete.z@web.de,998,Just a quick post.,15-03-2023 12:00,8570,8550
899,olivia_r,olivia.r@gmail.com,999,Dinner time.,15-03-2023 13:00,8580,8560
900,dan_t,dant@yahoo.com,1000,Movie night.,15-03-2023 14:00,8590,8570
901,johndoe,john@example.com,1001,New post!,16-03-2023 00:00,8600,8580
902,marysmith,mary.smith@mail.co,1002,So much to do today.,16-03-2023 01:00,8610,8590
903,ali_g,alig@email.net,1003,Just finished a meeting.,16-03-2023 02:00,8620,8600
904,sarah_p,sarahp@gmail.com,1004,Feeling productive.,16-03-2023 03:00,8630,8610
905,chrisW,chris.w@yahoo.com,1005,"New week, new goals.",16-03-2023 04:00,8640,8620
906,emily_jones,emily.j@web.de,1006,Just a thought.,16-03-2023 05:00,8650,8630
907,alex123,alex@example.net,1007,Working from my favorite cafe.,16-03-2023 06:00,8660,8640
908,brian_k,briank@mail.com,1008,Just a quick post.,16-03-2023 07:00,8670,8650
909,linda_b,linda@b.net,1009,Feeling blessed.,16-03-2023 08:00,8680,8660
910,steve_x,stevex@example.org,1010,Time for a break.,16-03-2023 09:00,8690,8670
911,mike_d,miked@email.com,1011,New post!,16-03-2023 10:00,8700,8680
912,nancy_g,nancyg@mail.com,1012,Just a thought.,16-03-2023 11:00,8710,8690
913,pete_z,pete.z@web.de,1013,What a day.,16-03-2023 12:00,8720,8700
914,olivia_r,olivia.r@gmail.com,1014,Just posted a pic.,16-03-2023 13:00,8730,8710
915,dan_t,dant@yahoo.com,1015,New recipe.,16-03-2023 14:00,8740,8720
916,johndoe,john@example.com,1016,Good morning everyone!,17-03-2023 00:00,8750,8730
917,marysmith,mary.smith@mail.co,1017,Back to work.,17-03-2023 01:00,8760,8740
918,ali_g,alig@email.net,1018,New idea!,17-03-2023 02:00,8770,8750
919,sarah_p,sarahp@gmail.com,1019,Just a thought.,17-03-2023 03:00,8780,8760
920,chrisW,chris.w@yahoo.com,1020,Working from home today.,17-03-2023 04:00,8790,8770
921,emily_jones,emily.j@web.de,1021,Another day.,17-03-2023 05:00,8800,8780
922,alex123,alex@example.net,1022,Feeling good!,17-03-2023 06:00,8810,8790
923,brian_k,briank@mail.com,1023,Just finished my workout.,17-03-2023 07:00,8820,8800
924,linda_b,linda@b.net,1024,New recipe.,17-03-2023 08:00,8830,8810
925,steve_x,stevex@example.org,1025,Looking forward to the weekend.,17-03-2023 09:00,8840,8820
926,mike_d,miked@email.com,1026,Just posted an update.,17-03-2023 10:00,8850,8830
927,nancy_g,nancyg@mail.com,1027,Time for a walk.,17-03-2023 11:00,8860,8840
928,pete_z,pete.z@web.de,1028,Just a quick post.,17-03-2023 12:00,8870,8850
929,olivia_r,olivia.r@gmail.com,1029,Dinner time.,17-03-2023 13:00,8880,8860
930,dan_t,dant@yahoo.com,1030,Movie night.,17-03-2023 14:00,8890,8870
931,johndoe,john@example.com,1031,New post!,18-03-2023 00:00,8900,8880
932,marysmith,mary.smith@mail.co,1032,So much to do today.,18-03-2023 01:00,8910,8890
933,ali_g,alig@email.net,1033,Just finished a meeting.,18-03-2023 02:00,8920,8900
934,sarah_p,sarahp@gmail.com,1034,Feeling productive.,18-03-2023 03:00,8930,8910
935,chrisW,chris.w@yahoo.com,1035,"New week, new goals.",18-03-2023 04:00,8940,8920
936,emily_jones,emily.j@web.de,1036,Just a thought.,18-03-2023 05:00,8950,8930
937,alex123,alex@example.net,1037,Working from my favorite cafe.,18-03-2023 06:00,8960,8940
938,brian_k,briank@mail.com,1038,Just a quick post.,18-03-2023 07:00,8970,8950
939,linda_b,linda@b.net,1039,Feeling blessed.,18-03-2023 08:00,8980,8960
940,steve_x,stevex@example.org,1040,Time for a break.,18-03-2023 09:00,8990,8970
941,mike_d,miked@email.com,1041,New post!,18-03-2023 10:00,9000,8980
942,nancy_g,nancyg@mail.com,1042,Just a thought.,18-03-2023 11:00,9010,8990
943,pete_z,pete.z@web.de,1043,What a day.,18-03-2023 12:00,9020,9000
944,olivia_r,olivia.r@gmail.com,1044,Just posted a pic.,18-03-2023 13:00,9030,9010
945,dan_t,dant@yahoo.com,1045,New recipe.,18-03-2023 14:00,9040,9020
946,johndoe,john@example.com,1046,Good morning everyone!,19-03-2023 00:00,9050,9030
947,marysmith,mary.smith@mail.co,1047,Back to work.,19-03-2023 01:00,9060,9040
948,ali_g,alig@email.net,1048,New idea!,19-03-2023 02:00,9070,9050
949,sarah_p,sarahp@gmail.com,1049,Just a thought.,19-03-2023 03:00,9080,9060
950,chrisW,chris.w@yahoo.com,1050,Working from home today.,19-03-2023 04:00,9090,9070
951,emily_jones,emily.j@web.de,1051,Another day.,19-03-2023 05:00,9100,9080
952,alex123,alex@example.net,1052,Feeling good!,19-03-2023 06:00,9110,9090
953,brian_k,briank@mail.com,1053,Just finished my workout.,19-03-2023 07:00,9120,9100
954,linda_b,linda@b.net,1054,New recipe.,19-03-2023 08:00,9130,9110
955,steve_x,stevex@example.org,1055,Looking forward to the weekend.,19-03-2023 09:00,9140,9120
956,mike_d,miked@email.com,1056,Just posted an update.,19-03-2023 10:00,9150,9130
957,nancy_g,nancyg@mail.com,1057,Time for a walk.,19-03-2023 11:00,9160,9140
958,pete_z,pete.z@web.de,1058,Just a quick post.,19-03-2023 12:00,9170,9150
959,olivia_r,olivia.r@gmail.com,1059,Dinner time.,19-03-2023 13:00,9180,9160
960,dan_t,dant@yahoo.com,1060,Movie night.,19-03-2023 14:00,9190,9170
961,johndoe,john@example.com,1061,New post!,20-03-2023 00:00,9200,9180
962,marysmith,mary.smith@mail.co,1062,So much to do today.,20-03-2023 01:00,9210,9190
963,ali_g,alig@email.net,1063,Just finished a meeting.,20-03-2023 02:00,9220,9200
964,sarah_p,sarahp@gmail.com,1064,Feeling productive.,20-03-2023 03:00,9230,9210
965,chrisW,chris.w@yahoo.com,1065,"New week, new goals.",20-03-2023 04:00,9240,9220
966,emily_jones,emily.j@web.de,1066,Just a thought.,20-03-2023 05:00,9250,9230
967,alex123,alex@example.net,1067,Working from my favorite cafe.,20-03-2023 06:00,9260,9240
968,brian_k,briank@mail.com,1068,Just a quick post.,20-03-2023 07:00,9270,9250
969,linda_b,linda@b.net,1069,Feeling blessed.,20-03-2023 08:00,9280,9260
970,steve_x,stevex@example.org,1070,Time for a break.,20-03-2023 09:00,9290,9270
971,mike_d,miked@email.com,1071,New post!,20-03-2023 10:00,9300,9280
972,nancy_g,nancyg@mail.com,1072,Just a thought.,20-03-2023 11:00,9310,9290
973,pete_z,pete.z@web.de,1073,What a day.,20-03-2023 12:00,9320,9300
974,olivia_r,olivia.r@gmail.com,1074,Just posted a pic.,20-03-2023 13:00,9330,9310
975,dan_t,dant@yahoo.com,1075,New recipe.,20-03-2023 14:00,9340,9320
976,johndoe,john@example.com,1076,Good morning everyone!,21-03-2023 00:00,9350,9330
977,marysmith,mary.smith@mail.co,1077,Back to work.,21-03-2023 01:00,9360,9340
978,ali_g,alig@email.net,1078,New idea!,21-03-2023 02:00,9370,9350
979,sarah_p,sarahp@gmail.com,1079,Just a thought.,21-03-2023 03:00,9380,9360
980,chrisW,chris.w@yahoo.com,1080,Working from home today.,21-03-2023 04:00,9390,9370
981,emily_jones,emily.j@web.de,1081,Another day.,21-03-2023 05:00,9400,9380
982,alex123,alex@example.net,1082,Feeling good!,21-03-2023 06:00,9410,9390
983,brian_k,briank@mail.com,1083,Just finished my workout.,21-03-2023 07:00,9420,9400
984,linda_b,linda@b.net,1084,New recipe.,21-03-2023 08:00,9430,9410
985,steve_x,stevex@example.org,1085,Looking forward to the weekend.,21-03-2023 09:00,9440,9420
986,mike_d,miked@email.com,1086,Just posted an update.,21-03-2023 10:00,9450,9430
987,nancy_g,nancyg@mail.com,1087,Time for a walk.,21-03-2023 11:00,9460,9440
988,pete_z,pete.z@web.de,1088,Just a quick post.,21-03-2023 12:00,9470,9450
989,olivia_r,olivia.r@gmail.com,1089,Dinner time.,21-03-2023 13:00,9480,9460
990,dan_t,dant@yahoo.com,1090,Movie night.,21-03-2023 14:00,9490,9470
991,johndoe,john@example.com,1091,New post!,22-03-2023 00:00,9500,9480
992,marysmith,mary.smith@mail.co,1092,So much to do today.,22-03-2023 01:00,9510,9490
993,ali_g,alig@email.net,1093,Just finished a meeting.,22-03-2023 02:00,9520,9500
994,sarah_p,sarahp@gmail.com,1094,Feeling productive.,22-03-2023 03:00,9530,9510
995,chrisW,chris.w@yahoo.com,1095,"New week, new goals.",22-03-2023 04:00,9540,9520
996,emily_jones,emily.j@web.de,1096,Just a thought.,22-03-2023 05:00,9550,9530
997,alex123,alex@example.net,1097,Working from my favorite cafe.,22-03-2023 06:00,9560,9540
998,brian_k,briank@mail.com,1098,Just a quick post.,22-03-2023 07:00,9570,9550
999,linda_b,linda@b.net,1099,Feeling blessed.,22-03-2023 08:00,9580,9560
1000,steve_x,stevex@example.org,1100,Time for a break.,22-03-2023 09:00,9590,9570
